Team,History,Cycle,DirAdv,CorpAdv,Support,FailedVisits,Training,ManagBudget,WebDev,BacklogOrders,RandD,Price,AssemblyTime,MarketShares_p,MarketShares_c,MeanPrice,NumOrders,NumSales_p
Historia,0,0,0.0,0.0,0.0,100.0,1.0,26666.666666666664,0.0,0,1.76,0.0,155.0,0.0,0.0,,0,0
Historia,0,1,0.0,0.0,0.0,100.0,3.0,73333.33333333333,0.0,0,1.53,0.0,165.0,0.0,0.0,,0,0
Historia,0,2,0.0,0.0,0.0,100.0,1.0,90000.0,0.0,0,1.58,0.0,165.0,0.0,0.0,,0,0
Historia,0,3,0.0,0.0,9.0,0.09999999999999432,0.0,103333.33333333333,15.0,0,1.63,0.0,165.0,0.0,0.0,,0,0
Historia,0,4,5.0,10.0,9.0,0.09999999999999432,0.0,111666.66666666666,15.0,0,2.63,590.0,165.0,0.0,0.0,590.0,162,0
BMC,0,5,10.0,16.0,13.0,0.09999999999999432,2.0,136666.66666666666,20.0,12,2.63,510.0,164.0,0.0,7.9,584.2,609,150
Banana,0,5,5.0,16.0,11.0,0.09999999999999432,2.0,116666.66666666666,25.0,12,2.63,600.0,165.0,0.0,4.6,545.5,334,150
Batmaja,0,5,31.0,16.0,20.0,0.09999999999999432,22.0,211333.3333333333,20.0,12,2.63,589.0,165.0,0.0,9.2,595.75,562,150
MBC,0,5,5.0,16.0,15.0,0.5,0.0,116666.66666666666,25.0,12,2.63,590.0,165.0,0.0,3.9,583.0,344,150
Mioduszewski,0,5,10.0,16.0,15.0,0.09999999999999432,5.0,120000.0,25.0,12,2.65,610.0,175.0,0.0,4.9,596.0,357,150
Najda,0,5,7.0,16.0,11.0,0.09999999999999432,1.0,123333.33333333333,25.0,12,2.34,590.0,170.0,0.0,4.8,596.0,354,150
Perspec,0,5,20.0,16.0,15.0,2.9000000000000057,3.0,123333.33333333333,24.0,12,2.64,565.0,170.0,0.0,4.9,560.0,487,150
Radw,0,5,5.0,16.0,9.0,0.09999999999999432,0.0,116666.66666666666,20.0,12,2.34,490.0,170.0,0.0,6.1,562.0,455,150
BMC,0,6,15.0,64.6,15.0,0.09999999999999432,3.0,180000.0,20.0,280,2.63,510.0,165.0,7.9,15.5,562.0035971223023,497,329
Banana,0,6,5.0,29.6,8.0,0.09999999999999432,4.0,136666.66666666666,25.0,135,2.63,600.0,165.0,4.6,7.4,601.7689530685922,259,199
Batmaja,0,6,19.0,108.6,20.0,0.09999999999999432,37.0,353333.3333333333,20.0,0,2.62,620.0,158.0,9.2,7.9,577.7334525939176,345,562
MBC,0,6,10.0,29.6,15.0,0.4000000000000057,1.0,116666.66666666666,35.0,167,2.63,675.0,165.0,3.9,5.6,594.2581602373887,195,177
Mioduszewski,0,6,10.0,24.6,15.0,0.0,8.0,131666.66666666666,25.0,157,2.65,630.0,170.0,4.9,8.3,602.6141078838174,265,200
Najda,0,6,9.0,24.6,15.0,0.09999999999999432,2.0,187333.3333333333,35.0,169,2.35,599.0,175.0,4.8,10.5,598.1953488372093,322,185
Perspec,0,6,30.0,49.6,16.0,21.099999999999994,7.0,143333.3333333333,30.0,291,2.66,565.0,180.0,4.9,10.4,555.4020979020979,354,196
Radw,0,6,5.0,19.6,9.0,0.20000000000000284,0.0,116666.66666666666,20.0,212,2.3,490.0,150.0,6.1,10.6,574.0206611570247,352,243
BMC,0,7,15.0,93.75999999999999,15.0,0.20000000000000284,3.0,200000.0,20.0,0,3.58,540.0,165.0,15.5,16.3,566.6658653846154,596,497
Banana,0,7,10.0,27.759999999999998,11.0,0.4000000000000057,5.0,166666.66666666666,10.0,0,3.36,630.0,190.0,7.4,8.9,608.1350114416475,350,259
Batmaja,0,7,10.0,164.16,20.0,0.09999999999999432,37.0,353333.3333333333,20.0,0,3.27,485.0,158.0,7.9,5.2,517.4968944099378,643,345
MBC,0,7,10.0,37.76,15.0,0.29999999999999716,2.0,116666.66666666666,25.0,0,3.32,625.0,180.0,5.6,8.4,590.8503401360545,328,195
Mioduszewski,0,7,10.0,29.759999999999998,15.0,0.0,13.0,141666.66666666666,20.0,0,2.38,615.0,185.0,8.3,9.7,597.7127659574467,354,265
Najda,0,7,11.0,54.76,17.0,0.29999999999999716,3.0,268333.3333333333,40.0,0,2.36,599.0,180.0,10.5,11.6,602.328947368421,451,322
Perspec,0,7,25.0,104.75999999999999,20.0,2.0,6.0,161666.66666666666,35.0,0,3.3,565.0,175.0,10.4,12.6,583.1157894736842,521,354
Radw,0,7,5.0,21.759999999999998,9.0,0.4000000000000057,0.0,123333.33333333333,20.0,0,2.0,490.0,150.0,10.6,10.9,543.3830845771143,445,352
BMC,0,8,15.0,111.25600000000001,15.0,0.7000000000000028,3.0,200000.0,20.0,0,3.53,475.0,165.0,16.3,20.2,551.7327586206895,689,596
Batmaja,0,8,10.0,141.49599999999998,20.0,0.09999999999999432,37.0,353333.3333333333,20.0,357,3.22,509.0,158.0,5.2,4.8,500.3027777777778,470,286
Mioduszewski,0,8,10.0,27.855999999999998,20.0,0.0,17.0,141666.66666666666,20.0,0,3.34,608.0,185.0,9.7,12.1,618.4721549636804,391,354
Najda,0,8,10.0,67.85600000000001,17.0,0.5999999999999943,2.0,268333.3333333333,27.0,68,2.37,604.0,185.0,11.6,7.5,560.5566750629722,447,383
Perspec,0,8,19.0,132.856,20.0,4.700000000000003,5.0,166666.66666666666,38.0,34,3.26,570.0,180.0,12.6,13.5,549.8577235772358,482,487
Radw,0,8,5.0,23.055999999999997,9.0,0.4000000000000057,0.0,133333.3333333333,10.0,0,1.75,490.0,150.0,10.9,0.0,513.0167014613779,346,445
BMC,0,9,15.0,121.7536,15.0,1.5999999999999943,3.0,200000.0,20.0,0,3.48,490.0,165.0,20.2,0.0,532.9708737864078,706,689
Batmaja,0,9,10.0,119.8976,20.0,0.0,37.0,353333.3333333333,5.0,220,3.17,509.0,158.0,4.8,0.0,489.4908136482939,412,250
Mioduszewski,0,9,10.0,26.7136,20.0,0.0,17.0,143666.66666666666,20.0,0,3.32,605.0,200.0,12.1,11.8,602.9597315436242,426,391
Najda,0,9,0.0,62.7136,5.0,0.0,1.0,268333.3333333333,15.0,246,4.27,0.0,185.0,7.5,0.0,490.22911051212935,0,201
Radw,0,9,5.0,18.833599999999997,9.0,0.4000000000000057,0.0,133333.3333333333,10.0,0,2.75,485.0,150.0,0.0,0.0,519.0,387,346
Historia,1,0,0.0,0.0,0.0,100.0,1.0,26666.666666666664,0.0,0,1.76,0.0,155.0,0.0,0.0,,0,0
Historia,1,1,0.0,0.0,0.0,100.0,3.0,73333.33333333333,0.0,0,1.53,0.0,165.0,0.0,0.0,,0,0
Historia,1,2,0.0,0.0,0.0,100.0,1.0,90000.0,0.0,0,1.58,0.0,165.0,0.0,0.0,,0,0
Historia,1,3,0.0,0.0,9.0,0.09999999999999432,0.0,103333.33333333333,15.0,0,1.63,0.0,165.0,0.0,0.0,,0,0
Historia,1,4,5.0,10.0,9.0,0.09999999999999432,0.0,111666.66666666666,15.0,0,2.63,590.0,165.0,0.0,0.0,590.0,167,0
Banana,1,5,5.0,16.0,9.0,0.09999999999999432,3.0,120000.0,10.0,17,2.63,590.0,165.0,0.0,3.3,571.25,258,150
Batmaja,1,5,10.0,16.0,9.0,0.09999999999999432,2.0,120000.0,20.0,17,2.63,585.0,165.0,0.0,7.7,598.625,344,150
Batmaja,1,5,28.0,16.0,20.0,0.09999999999999432,23.0,203333.3333333333,25.0,17,2.62,529.0,159.0,0.0,14.4,584.5714285714286,694,150
EnactusUEP,1,5,5.0,16.0,10.0,0.0,1.0,120000.0,20.0,17,2.63,600.0,165.0,0.0,4.3,597.5,276,150
MBC,1,5,5.0,16.0,9.0,0.09999999999999432,2.0,120000.0,20.0,17,2.63,585.0,165.0,0.0,0.0,591.875,312,150
Mezzafive,1,5,15.0,16.0,9.0,0.09999999999999432,0.0,123333.33333333333,20.0,17,2.63,600.0,165.0,0.0,5.0,598.625,343,150
Mezzafive,1,5,7.0,16.0,12.0,0.29999999999999716,2.0,136666.66666666666,15.0,17,2.63,601.0,166.0,0.0,0.0,590.0,303,150
Najda,1,5,13.0,16.0,20.0,0.09999999999999432,45.0,150000.0,19.0,17,2.63,540.0,165.0,0.0,0.0,580.25,502,150
Rosyjski1,1,5,28.0,16.0,20.0,0.09999999999999432,25.0,183333.3333333333,25.0,17,2.63,529.0,165.0,0.0,14.2,583.375,701,150
SGGW,1,5,9.0,16.0,14.0,0.09999999999999432,2.0,116666.66666666666,25.0,17,2.65,590.0,175.0,0.0,4.2,590.0,321,150
UniversalSolutions,1,5,20.0,16.0,13.0,0.09999999999999432,2.0,126666.66666666666,30.0,17,2.63,585.0,165.0,0.0,6.1,588.0,414,150
UniversalSolutions,1,5,10.0,16.0,9.0,0.0,3.0,118000.0,15.0,17,2.64,590.0,170.0,0.0,0.0,596.2857142857143,311,150
Wilki,1,5,6.0,16.0,9.0,0.09999999999999432,1.0,116666.66666666666,15.0,17,2.64,599.0,170.0,0.0,0.0,587.25,262,150
Zwolińsk,1,5,6.0,16.0,11.0,0.09999999999999432,0.0,116666.66666666666,17.0,17,2.33,520.0,165.0,0.0,4.1,584.25,376,150
Banana,1,6,6.0,19.6,5.0,0.20000000000000284,5.0,125000.0,10.0,108,2.64,650.0,165.0,3.3,4.1,588.2243243243244,248,150
Batmaja,1,6,5.0,29.6,10.0,0.09999999999999432,3.0,128333.33333333333,25.0,8,2.66,644.0,180.0,7.7,6.4,618.77950310559,350,336
Batmaja,1,6,20.0,108.6,20.0,0.09999999999999432,39.0,333333.3333333333,25.0,11,2.63,452.0,163.0,14.4,19.1,539.9077306733167,1192,683
EnactusUEP,1,6,15.0,19.6,10.0,0.09999999999999432,1.0,128333.33333333333,25.0,83,2.64,620.0,170.0,4.3,2.0,605.059523809524,395,193
MBC,1,6,5.0,24.6,9.0,0.09999999999999432,4.0,128333.33333333333,25.0,0,2.69,585.0,194.0,0.0,0.0,605.625,432,312
Mezzafive,1,6,13.0,29.6,11.0,0.0,0.0,146666.66666666666,20.0,124,2.63,610.0,165.0,5.0,4.2,618.77950310559,428,219
Mezzafive,1,6,7.0,25.6,12.0,0.7999999999999972,4.0,166666.66666666666,17.0,123,2.63,603.0,166.0,0.0,0.0,589.0,380,180
Najda,1,6,16.0,47.6,20.0,0.09999999999999432,65.0,213333.3333333333,35.0,0,2.65,547.0,175.0,0.0,0.0,564.0,641,502
Rosyjski1,1,6,20.0,108.6,20.0,0.09999999999999432,42.0,283333.3333333333,25.0,1,2.63,443.0,165.0,14.2,16.8,531.3397590361445,1270,700
SGGW,1,6,10.0,24.6,14.0,0.09999999999999432,3.0,116666.66666666666,28.0,131,2.65,590.0,175.0,4.2,0.0,586.0377358490566,422,190
UniversalSolutions,1,6,20.0,34.6,15.0,0.0,3.0,145000.0,30.0,156,2.66,615.0,175.0,6.1,7.9,594.0466926070039,400,258
UniversalSolutions,1,6,11.0,24.6,12.0,0.0,5.0,122000.0,15.0,41,2.64,600.0,170.0,0.0,0.0,599.4285714285714,403,270
Wilki,1,6,8.0,19.6,9.0,0.29999999999999716,1.0,116666.66666666666,16.0,98,2.65,599.0,175.0,0.0,0.0,522.75,372,164
Zwolińsk,1,6,6.0,19.6,11.0,0.09999999999999432,0.0,116666.66666666666,17.0,197,2.33,520.0,165.0,4.1,3.5,585.4386503067484,502,179
Banana,1,7,8.0,21.759999999999998,6.0,0.09999999999999432,6.0,128333.33333333333,12.0,34,3.34,650.0,195.0,4.1,4.9,598.5971223021583,290,214
Batmaja,1,7,5.0,37.76,11.0,0.09999999999999432,3.0,136666.66666666666,25.0,43,3.26,590.0,156.0,6.4,10.1,607.9,468,307
Batmaja,1,7,35.0,164.16,20.0,0.20000000000000284,38.0,333333.3333333333,25.0,94,3.57,499.0,157.0,19.1,18.7,560.3666026871402,1106,1098
EnactusUEP,1,7,15.0,21.759999999999998,8.0,0.09999999999999432,0.0,136666.66666666666,25.0,291,2.42,620.0,170.0,2.0,2.7,598.2945736434108,380,104
MBC,1,7,5.0,34.76,9.0,0.09999999999999432,6.0,136666.66666666666,30.0,0,2.39,590.0,192.0,0.0,0.0,610.625,471,432
Mezzafive,1,7,7.0,31.36,12.0,0.09999999999999432,6.0,166666.66666666666,17.0,93,3.28,609.0,166.0,0.0,0.0,593.4285714285714,395,287
Najda,1,7,14.0,88.56,25.0,0.20000000000000284,48.0,240000.0,30.0,9,3.57,530.0,161.0,0.0,0.0,559.0,703,632
Rosyjski1,1,7,35.0,164.16,20.0,0.09999999999999432,42.0,283333.3333333333,25.0,298,3.58,496.0,165.0,16.8,15.9,539.5542406311638,1169,972
SGGW,1,7,10.0,30.759999999999998,14.0,0.09999999999999432,3.0,116666.66666666666,28.0,101,2.65,590.0,175.0,0.0,0.0,589.0,422,321
UniversalSolutions,1,7,15.0,45.76,15.0,0.0,9.0,150000.0,25.0,64,3.32,655.0,180.0,7.9,4.3,612.8767123287671,468,336
Wilki,1,7,8.0,22.759999999999998,9.0,0.5999999999999943,1.0,116666.66666666666,11.0,105,3.3,599.0,176.0,0.0,0.0,587.125,379,267
Zwolińsk,1,7,6.0,21.759999999999998,11.0,0.09999999999999432,0.0,116666.66666666666,17.0,331,2.03,520.0,165.0,3.5,3.7,583.0568181818181,444,171
Banana,1,8,13.0,26.055999999999997,8.0,0.20000000000000284,7.0,133333.3333333333,12.0,56,3.27,650.0,180.0,4.9,0.0,614.8510638297872,368,234
Batmaja,1,8,29.0,158.49599999999998,20.0,0.09999999999999432,37.0,333333.3333333333,25.0,0,3.53,550.0,165.0,18.7,14.6,539.2365079365078,987,1106
EnactusUEP,1,8,28.0,33.056,21.0,0.09999999999999432,20.0,155000.0,30.0,249,2.3,491.0,175.0,2.7,10.7,375.5323275862068,884,131
MBC,1,8,20.0,45.856,12.0,0.09999999999999432,5.0,145000.0,35.0,0,3.32,600.0,175.0,0.0,0.0,605.0,661,471
Mezzafive,1,8,7.0,34.816,15.0,0.09999999999999432,25.0,166666.66666666666,30.0,0,3.23,609.0,166.0,0.0,0.0,594.4285714285714,486,395
Najda,1,8,24.0,91.13600000000001,25.0,0.09999999999999432,27.0,250000.0,25.0,24,3.56,515.0,179.0,0.0,0.0,544.0,858,679
Rosyjski1,1,8,29.0,158.49599999999998,20.0,0.09999999999999432,42.0,283333.3333333333,25.0,301,3.53,550.0,165.0,15.9,14.7,556.0398613518197,1088,868
SGGW,1,8,10.0,34.455999999999996,14.0,0.09999999999999432,3.0,116666.66666666666,28.0,101,2.65,590.0,175.0,0.0,0.0,589.0,422,321
Wilki,1,8,10.0,26.656,12.0,0.4000000000000057,1.0,116666.66666666666,15.0,42,2.96,595.0,180.0,0.0,0.0,584.125,460,337
Zwolińsk,1,8,6.0,23.055999999999997,11.0,0.20000000000000284,0.0,116666.66666666666,17.0,274,2.03,520.0,165.0,3.7,3.6,582.5847255369929,515,170
Banana,1,9,15.0,28.633599999999998,10.0,0.4000000000000057,9.0,133333.3333333333,12.0,0,3.24,650.0,190.0,0.0,0.0,602.5,388,368
Batmaja,1,9,47.0,135.0976,20.0,0.09999999999999432,37.0,333333.3333333333,16.0,0,4.44,550.0,170.0,14.6,15.1,535.2011661807582,1022,987
EnactusUEP,1,9,20.0,54.8336,21.0,0.09999999999999432,33.0,175000.0,30.0,200,2.3,491.0,175.0,10.7,12.5,503.46857142857147,777,684
MBC,1,9,20.0,57.5136,12.0,0.20000000000000284,3.0,150000.0,35.0,66,3.01,610.0,200.0,0.0,12.3,606.25,604,595
Mezzafive,1,9,17.0,36.8896,20.0,0.09999999999999432,37.0,166666.66666666666,30.0,0,4.13,609.0,165.0,0.0,0.0,591.1428571428571,533,486
Rosyjski1,1,9,30.0,135.0976,20.0,0.0,30.0,283333.3333333333,25.0,136,4.43,591.0,165.0,14.7,14.7,565.0866141732283,973,952
SGGW,1,9,12.0,36.6736,15.0,0.09999999999999432,4.0,120000.0,25.0,101,3.3,605.0,175.0,0.0,0.0,593.4285714285714,406,321
Wilki,1,9,15.0,32.9936,13.0,1.4000000000000057,0.0,116666.66666666666,18.0,10,2.66,595.0,180.0,0.0,0.0,583.0,502,450
Historia,2,0,0.0,0.0,0.0,100.0,1.0,33333.33333333333,0.0,0,1.76,0.0,155.0,0.0,0.0,,0,0
Historia,2,1,0.0,0.0,0.0,100.0,3.0,90000.0,0.0,0,1.53,0.0,165.0,0.0,0.0,,0,0
Historia,2,2,0.0,0.0,0.0,100.0,1.0,106666.66666666666,0.0,0,1.58,0.0,165.0,0.0,0.0,,0,0
Historia,2,3,0.0,0.0,9.0,0.09999999999999432,0.0,120000.0,15.0,0,1.63,0.0,165.0,0.0,0.0,,0,0
Historia,2,4,5.0,10.0,9.0,0.09999999999999432,0.0,128333.33333333333,15.0,0,2.63,585.0,165.0,0.0,0.0,585.0,143,0
BMC,2,5,10.0,16.0,12.0,0.09999999999999432,2.0,146666.66666666666,30.0,0,2.63,485.0,163.0,0.0,8.7,574.2,585,143
Crazy,2,5,7.0,16.0,10.0,0.09999999999999432,0.0,134000.0,20.0,0,2.33,583.0,165.0,0.0,0.0,558.0,289,143
MBC,2,5,15.0,16.0,10.0,0.09999999999999432,3.0,160000.0,20.0,0,2.64,585.0,171.0,0.0,6.7,560.125,409,143
Mioduszewski,2,5,20.0,16.0,13.0,0.09999999999999432,2.0,136666.66666666666,30.0,0,2.63,585.0,165.0,0.0,6.1,588.0,414,143
Mioduszewski,2,5,10.0,16.0,15.0,0.0,3.0,136666.66666666666,20.0,0,2.66,585.0,180.0,0.0,4.2,579.875,316,143
Najda,2,5,24.0,16.0,20.0,0.09999999999999432,60.0,176666.66666666666,15.0,0,2.63,510.0,165.0,0.0,11.9,564.2857142857143,637,143
Perspec,2,5,6.0,16.0,11.0,0.20000000000000284,0.0,137333.3333333333,20.0,0,2.33,570.0,165.0,0.0,4.3,568.0,324,143
Radw,2,5,7.0,16.0,9.0,0.09999999999999432,0.0,133333.3333333333,21.0,0,2.66,590.0,180.0,0.0,5.4,579.125,300,143
Rosyjski2,2,5,16.0,16.0,20.0,0.09999999999999432,60.0,190000.0,25.0,0,2.64,555.0,169.0,0.0,8.6,538.8333333333334,507,143
BMC,2,6,55.0,39.6,15.0,0.09999999999999432,3.0,166666.66666666666,30.0,166,2.63,485.0,165.0,8.7,15.1,565.745308310992,711,419
Crazy,2,6,9.0,24.6,10.0,0.09999999999999432,0.0,135000.0,22.0,62,2.33,530.0,165.0,0.0,0.0,523.0,401,227
MBC,2,6,25.0,74.6,11.0,0.20000000000000284,4.0,220000.0,20.0,0,2.63,585.0,164.0,6.7,6.8,508.3001912045889,446,409
Mioduszewski,2,6,20.0,34.6,15.0,0.0,3.0,145000.0,30.0,156,2.66,615.0,175.0,6.1,7.9,594.0466926070039,400,258
Mioduszewski,2,6,10.0,19.6,15.0,0.0,7.0,145000.0,20.0,109,2.65,585.0,172.0,4.2,6.5,579.4575835475578,354,207
Najda,2,6,20.0,53.6,20.0,0.09999999999999432,80.0,258333.3333333333,15.0,30,2.65,475.0,172.0,11.9,14.4,522.8400954653938,785,607
Perspec,2,6,8.0,24.6,13.0,1.0999999999999943,10.0,152666.66666666666,22.0,138,2.04,545.0,170.0,4.3,9.0,567.8937728937728,406,186
Radw,2,6,9.0,27.6,9.0,0.09999999999999432,0.0,133333.3333333333,0.0,17,2.68,550.0,191.0,5.4,3.6,563.4757281553398,186,283
Rosyjski2,2,6,23.0,79.6,20.0,0.09999999999999432,90.0,295000.0,25.0,0,2.68,483.0,190.0,8.6,13.6,510.01890359168243,776,507
BMC,2,7,25.0,43.76,30.0,1.0999999999999943,3.0,166666.66666666666,30.0,0,3.29,485.0,163.0,15.1,16.5,553.4581497797357,902,711
Crazy,2,7,9.0,36.76,10.0,0.09999999999999432,0.0,133666.66666666666,25.0,205,2.03,550.0,165.0,0.0,0.0,490.7142857142857,361,196
MBC,2,7,30.0,79.75999999999999,12.0,0.7999999999999972,3.0,253333.3333333333,20.0,0,3.59,520.0,163.0,6.8,9.1,489.2732919254658,724,446
Mioduszewski,2,7,15.0,45.76,15.0,0.0,9.0,150000.0,25.0,64,3.32,655.0,180.0,7.9,4.3,612.8767123287671,468,336
Mioduszewski,2,7,10.0,22.759999999999998,15.0,0.0,8.0,150000.0,20.0,6,3.61,589.0,172.0,6.5,0.0,581.1454918032788,478,348
Najda,2,7,25.0,82.16,20.0,0.09999999999999432,57.0,290000.0,25.0,0,3.6,501.0,172.0,14.4,0.0,497.57247706422027,1027,785
Radw,2,7,11.0,31.56,9.0,0.09999999999999432,0.0,133333.3333333333,38.0,0,2.3,550.0,150.0,3.6,5.5,568.6053719008264,329,186
Rosyjski2,2,7,15.0,135.76,20.0,0.09999999999999432,73.0,325000.0,20.0,0,3.57,440.0,160.0,13.6,15.7,508.2479740680713,1143,776
Crazy,2,8,11.0,44.056000000000004,10.0,0.20000000000000284,0.0,131666.66666666666,25.0,60,2.03,550.0,165.0,0.0,0.0,494.42857142857144,369,301
MBC,2,8,55.0,92.85600000000001,15.0,0.09999999999999432,3.0,288333.3333333333,20.0,0,3.52,455.0,157.0,9.1,12.1,488.90267983074745,907,724
Mioduszewski,2,8,13.0,23.656,15.0,0.0,8.0,150000.0,22.0,62,3.56,589.0,172.0,0.0,8.2,584.75,467,416
Radw,2,8,12.0,33.936,9.0,0.09999999999999432,0.0,133333.3333333333,21.0,0,3.29,549.0,167.0,5.5,6.5,570.5489833641404,369,329
Rosyjski2,2,8,29.0,151.456,20.0,0.09999999999999432,67.0,325000.0,20.0,0,3.56,466.0,180.0,15.7,14.9,476.5245664739885,1016,1143
Crazy,2,9,15.0,51.4336,10.0,0.09999999999999432,0.0,131666.66666666666,10.0,37,1.78,560.0,165.0,0.0,0.0,484.42857142857144,351,332
MBC,2,9,55.0,120.7136,15.0,0.5,2.0,333333.3333333333,20.0,0,4.41,455.0,150.0,12.1,13.0,491.4246031746032,1027,907
Mioduszewski,2,9,13.0,29.1936,17.0,0.0,8.0,153333.3333333333,24.0,0,3.55,586.0,188.0,8.2,0.0,585.1006944444445,518,467
Historia,3,0,10.0,0.0,21.0,0.0,30.0,66666.66666666666,18.0,0,2.6,546.0,172.0,0.0,0.0,546.0,421,0
Historia,3,1,17.0,50.0,20.0,0.09999999999999432,50.0,166666.66666666666,15.0,0,2.6,500.0,172.0,0.0,0.0,500.0,647,421
Historia,3,2,20.0,70.0,21.0,0.09999999999999432,45.0,166666.66666666666,18.0,0,2.3,486.0,175.0,0.0,0.0,486.0,640,647
Historia,3,3,20.0,72.0,21.0,0.09999999999999432,42.0,166666.66666666666,18.0,0,2.3,486.0,175.0,0.0,0.0,486.0,711,640
Historia,3,4,16.0,73.19999999999999,21.0,0.09999999999999432,37.0,166666.66666666666,15.0,0,2.3,491.0,175.0,0.0,0.0,491.0,704,711
5cars,3,5,25.0,71.91999999999999,21.0,0.09999999999999432,33.0,173333.3333333333,17.0,0,2.3,489.0,175.0,0.0,11.7,491.42857142857144,863,704
AMS,3,5,22.0,71.91999999999999,21.0,0.09999999999999432,35.0,170000.0,18.0,0,2.0,490.0,172.0,0.0,10.1,487.3333333333333,846,704
ANA,3,5,16.0,71.91999999999999,21.0,0.09999999999999432,33.0,166666.66666666666,15.0,0,2.3,491.0,175.0,0.0,0.0,485.14285714285717,802,704
BandTInc,3,5,20.0,71.91999999999999,20.0,0.09999999999999432,38.0,193333.3333333333,22.0,0,4.2,485.0,175.0,0.0,0.0,502.0,944,704
Batmaja,3,5,21.0,71.91999999999999,21.0,0.09999999999999432,20.0,171333.3333333333,15.0,0,4.18,491.0,165.0,0.0,12.4,492.0,879,704
Bekarty,3,5,16.0,71.91999999999999,20.0,0.09999999999999432,38.0,166666.66666666666,15.0,0,2.31,480.0,177.0,0.0,12.1,487.0,814,704
CheckRaise,3,5,20.0,71.91999999999999,21.0,0.09999999999999432,33.0,193333.3333333333,15.0,0,4.21,526.0,180.0,0.0,11.2,500.6666666666667,824,704
DrugiRusekZ1,3,5,43.0,71.91999999999999,21.0,0.09999999999999432,23.0,204666.66666666666,18.0,0,2.3,466.0,175.0,0.0,14.0,492.2857142857143,1043,704
DrugiRusekZ2,3,5,16.0,71.91999999999999,21.0,0.09999999999999432,33.0,166666.66666666666,15.0,0,2.34,494.0,193.0,0.0,10.2,496.2857142857143,790,704
DrugiRusekZ3,3,5,20.0,71.91999999999999,21.0,0.09999999999999432,33.0,166666.66666666666,18.0,0,2.3,497.0,175.0,0.0,0.0,514.25,819,704
DrugiRusekZ4,3,5,16.0,71.91999999999999,21.0,0.09999999999999432,33.0,166666.66666666666,16.0,0,2.3,487.0,176.0,0.0,11.5,477.57142857142856,843,704
DrugiRusekZ5,3,5,20.0,71.91999999999999,22.0,0.09999999999999432,43.0,166666.66666666666,17.0,0,4.24,500.0,175.0,0.0,9.0,497.3333333333333,858,704
DrugiRusekZ6,3,5,17.0,71.91999999999999,21.0,0.09999999999999432,13.0,166666.66666666666,15.0,0,2.3,491.0,175.0,0.0,10.8,495.42857142857144,821,704
FullJoin,3,5,15.0,71.91999999999999,22.0,0.09999999999999432,38.0,200000.0,15.0,0,4.2,491.0,175.0,0.0,11.5,469.5,859,704
HEATTEAM,3,5,25.0,71.91999999999999,5.0,13.0,33.0,173333.3333333333,15.0,0,2.28,532.0,165.0,0.0,0.0,492.0,596,704
Mezzafive,3,5,10.0,71.91999999999999,21.0,0.09999999999999432,21.0,186666.66666666666,21.0,0,4.21,501.0,181.0,0.0,0.0,504.5,853,704
MinisterstwoStrategii,3,5,16.0,71.91999999999999,21.0,0.09999999999999432,33.0,166666.66666666666,15.0,0,2.3,491.0,175.0,0.0,0.0,484.7142857142857,782,704
SGGW,3,5,17.0,71.91999999999999,21.0,0.09999999999999432,28.0,166666.66666666666,15.0,0,2.31,491.0,178.0,0.0,10.5,485.14285714285717,806,704
SystemyGB,3,5,21.0,71.91999999999999,21.0,0.09999999999999432,33.0,176666.66666666666,15.0,0,4.2,514.0,175.0,0.0,11.7,495.1666666666667,779,704
Triada,3,5,32.0,71.91999999999999,21.0,0.09999999999999432,33.0,166666.66666666666,15.0,0,3.92,491.0,180.0,0.0,0.0,487.0,922,704
UniversalSolutions,3,5,20.0,71.91999999999999,21.0,0.0,33.0,166666.66666666666,16.0,0,2.31,491.0,179.0,0.0,0.0,500.6666666666667,823,704
VinciSquad,3,5,16.0,71.91999999999999,21.0,0.09999999999999432,33.0,166666.66666666666,15.0,0,2.3,491.0,175.0,0.0,0.0,501.1666666666667,810,704
5cars,3,6,25.0,113.152,17.0,0.09999999999999432,23.0,183333.3333333333,17.0,0,2.32,487.0,185.0,11.7,0.0,509.76081081081077,769,863
AMS,3,6,25.0,72.152,21.0,0.09999999999999432,37.0,175666.66666666666,20.0,150,3.91,491.0,172.0,10.1,14.1,525.9254571026723,822,696
ANA,3,6,15.0,71.152,20.0,5.200000000000003,28.0,213333.3333333333,25.0,0,4.18,568.0,165.0,0.0,9.4,496.57142857142856,604,802
BandTInc,3,6,20.0,83.152,20.0,0.09999999999999432,42.0,233333.3333333333,22.0,147,4.1,490.0,175.0,0.0,0.0,503.6666666666667,826,797
Batmaja,3,6,21.0,81.152,17.0,0.09999999999999432,15.0,201000.0,15.0,34,4.07,491.0,158.0,12.4,12.6,503.46760563380275,747,845
Bekarty,3,6,19.0,63.152,20.0,0.09999999999999432,42.0,166666.66666666666,15.0,0,4.21,490.0,177.0,12.1,12.6,490.76083916083917,738,814
CheckRaise,3,6,16.0,113.152,21.0,0.09999999999999432,33.0,253333.3333333333,21.0,94,4.11,516.0,180.0,11.2,13.1,505.0258620689656,751,730
DrugiRusekZ1,3,6,43.0,86.152,21.0,0.09999999999999432,12.0,261666.66666666666,18.0,0,2.3,529.0,175.0,14.0,11.6,512.27665317139,758,1043
DrugiRusekZ2,3,6,16.0,73.152,21.0,0.09999999999999432,13.0,186666.66666666666,15.0,10,4.21,515.0,177.0,10.2,10.5,502.3064516129032,718,780
DrugiRusekZ3,3,6,18.0,73.152,21.0,0.09999999999999432,38.0,166666.66666666666,19.0,0,2.3,480.0,175.0,0.0,0.0,510.625,769,819
DrugiRusekZ4,3,6,18.0,71.152,21.0,0.09999999999999432,33.0,166666.66666666666,17.0,0,2.3,487.0,176.0,11.5,11.9,477.00412654745526,767,843
DrugiRusekZ5,3,6,23.0,88.152,22.0,0.09999999999999432,45.0,168000.0,17.0,275,4.14,500.0,175.0,9.0,0.0,500.8237822349569,760,583
DrugiRusekZ6,3,6,17.0,71.152,21.0,0.09999999999999432,20.0,166666.66666666666,15.0,0,2.3,501.0,175.0,10.8,0.0,491.76248313090423,687,821
FullJoin,3,6,14.0,93.152,22.0,0.09999999999999432,37.0,250000.0,20.0,41,4.09,478.0,170.0,11.5,0.0,470.47606019151857,792,818
HEATTEAM,3,6,30.0,75.152,11.0,0.09999999999999432,33.0,190000.0,25.0,0,4.18,532.0,165.0,0.0,8.9,505.3333333333333,598,596
Mezzafive,3,6,11.0,58.152,21.0,0.09999999999999432,15.0,216666.66666666666,21.0,132,4.11,506.0,180.0,0.0,0.0,510.3333333333333,727,721
MinisterstwoStrategii,3,6,15.0,71.152,20.0,5.200000000000003,38.0,213333.3333333333,25.0,0,4.18,568.0,165.0,0.0,7.9,502.14285714285717,582,782
SGGW,3,6,19.0,67.152,20.0,0.09999999999999432,17.0,166666.66666666666,12.0,0,2.32,491.0,182.0,10.5,0.0,496.2939597315436,706,806
SystemyGB,3,6,18.0,83.152,22.0,0.09999999999999432,28.0,191666.66666666666,15.0,0,4.1,514.0,172.0,11.7,10.5,504.6372549019607,612,779
Triada,3,6,32.0,99.152,21.0,0.09999999999999432,33.0,166666.66666666666,15.0,221,3.58,491.0,180.0,0.0,0.0,491.0,763,701
UniversalSolutions,3,6,20.0,71.152,21.0,0.0,36.0,170000.0,15.0,109,4.21,515.0,179.0,0.0,0.0,505.6666666666667,700,714
VinciSquad,3,6,15.0,71.152,20.0,5.200000000000003,38.0,213333.3333333333,25.0,0,4.2,568.0,175.0,0.0,9.2,544.1666666666666,613,810
5cars,3,7,20.0,112.8912,20.0,0.09999999999999432,17.0,183333.3333333333,19.0,0,4.22,484.0,185.0,0.0,0.0,509.57142857142856,917,769
AMS,3,7,26.0,71.2912,21.0,0.09999999999999432,38.0,177333.3333333333,21.0,0,3.81,491.0,172.0,14.1,15.6,519.2531645569621,916,822
ANA,3,7,30.0,117.6912,26.0,2.4000000000000057,25.0,290000.0,20.0,4,4.08,538.0,165.0,9.4,12.0,550.941734417344,772,600
BandTInc,3,7,20.0,85.8912,20.0,0.09999999999999432,42.0,233333.3333333333,18.0,0,4.0,500.0,175.0,0.0,13.1,502.8333333333333,872,826
Batmaja,3,7,31.0,97.6912,17.0,0.20000000000000284,18.0,235000.0,15.0,0,4.01,471.0,180.0,12.6,12.7,484.1742738589212,913,747
Bekarty,3,7,28.0,57.8912,20.0,0.09999999999999432,42.0,166666.66666666666,15.0,0,4.11,500.0,177.0,12.6,12.4,492.1141678129298,829,738
CheckRaise,3,7,18.0,143.8912,21.0,0.09999999999999432,33.0,283333.3333333333,21.0,0,4.01,509.0,180.0,13.1,13.4,487.6213183730716,889,751
DrugiRusekZ1,3,7,27.0,81.6912,21.0,0.09999999999999432,9.0,253666.66666666666,18.0,0,2.3,546.0,175.0,11.6,10.4,511.5835579514825,770,758
DrugiRusekZ2,3,7,20.0,77.8912,21.0,0.09999999999999432,0.0,230000.0,18.0,16,4.11,515.0,177.0,10.5,12.1,499.87383798140775,823,702
DrugiRusekZ3,3,7,25.0,72.8912,21.0,0.09999999999999432,42.0,166666.66666666666,18.0,89,4.2,520.0,175.0,0.0,0.0,511.625,837,680
DrugiRusekZ4,3,7,18.0,70.6912,18.0,0.09999999999999432,33.0,166666.66666666666,14.0,0,2.3,487.0,173.0,11.9,12.0,480.60601915184685,839,767
DrugiRusekZ5,3,7,23.0,99.8912,22.0,0.29999999999999716,47.0,170000.0,17.0,157,4.04,510.0,175.0,0.0,0.0,499.6666666666667,853,603
DrugiRusekZ6,3,7,17.0,70.6912,21.0,0.09999999999999432,13.0,166666.66666666666,15.0,0,2.3,501.0,175.0,0.0,0.0,499.0,780,687
FullJoin,3,7,14.0,110.8912,22.0,0.09999999999999432,36.0,250000.0,20.0,0,4.0,478.0,175.0,0.0,0.0,472.0,912,792
HEATTEAM,3,7,30.0,87.0912,6.0,0.09999999999999432,38.0,203333.3333333333,25.0,71,4.09,527.0,170.0,8.9,9.4,484.1742738589212,675,527
Mezzafive,3,7,15.0,50.8912,25.0,0.09999999999999432,17.0,216666.66666666666,25.0,0,4.01,506.0,180.0,0.0,0.0,512.1666666666666,825,727
MinisterstwoStrategii,3,7,30.0,117.6912,26.0,2.4000000000000057,42.0,290000.0,20.0,76,4.08,538.0,165.0,7.9,10.0,488.2366310160428,730,506
SGGW,3,7,26.0,62.291199999999996,21.0,0.09999999999999432,10.0,166666.66666666666,15.0,22,3.92,503.0,183.0,0.0,0.0,541.2857142857143,841,684
SystemyGB,3,7,18.0,84.8912,30.0,0.09999999999999432,22.0,191666.66666666666,30.0,0,3.98,490.0,162.0,10.5,10.9,493.7115117891817,737,612
Triada,3,7,32.0,115.49119999999999,21.0,0.20000000000000284,33.0,166666.66666666666,15.0,0,3.23,491.0,180.0,0.0,0.0,492.1666666666667,881,763
UniversalSolutions,3,7,20.0,70.6912,21.0,0.0,39.0,176333.3333333333,15.0,0,4.11,525.0,178.0,0.0,0.0,488.1666666666667,731,700
VinciSquad,3,7,30.0,117.6912,26.0,2.4000000000000057,42.0,290000.0,20.0,104,4.1,538.0,175.0,9.2,12.3,541.5679542203146,769,509
5cars,3,8,15.0,107.73471999999998,20.0,0.09999999999999432,12.0,186666.66666666666,19.0,87,3.82,483.0,185.0,0.0,0.0,521.1428571428571,938,830
AMS,3,8,45.0,70.77472,21.0,0.09999999999999432,37.0,179000.0,23.0,10,3.76,525.0,172.0,15.6,13.5,513.3889695210449,893,906
ANA,3,8,37.0,100.61472,30.0,1.2000000000000028,20.0,300000.0,25.0,0,3.98,550.0,165.0,12.0,12.0,505.51209103840677,830,772
BandTInc,3,8,20.0,87.53472,20.0,0.09999999999999432,42.0,233333.3333333333,18.0,0,3.9,505.0,175.0,13.1,0.0,501.8490304709141,959,872
Batmaja,3,8,40.0,92.61472,17.0,0.20000000000000284,18.0,251000.0,15.0,0,3.91,492.0,180.0,12.7,11.8,486.3880794701987,964,913
Bekarty,3,8,30.0,54.734719999999996,20.0,0.09999999999999432,42.0,166666.66666666666,15.0,0,4.01,500.0,177.0,12.4,13.0,490.36920980926436,882,829
CheckRaise,3,8,18.0,137.33471999999998,21.0,0.09999999999999432,33.0,283333.3333333333,21.0,0,3.91,494.0,180.0,13.4,13.9,492.7070151306741,972,889
DrugiRusekZ1,3,8,24.0,73.01472,21.0,0.09999999999999432,10.0,241666.66666666666,18.0,48,3.91,600.0,175.0,10.4,10.0,522.9004092769441,708,722
DrugiRusekZ2,3,8,25.0,81.73471999999998,21.0,0.09999999999999432,0.0,263333.3333333333,18.0,0,4.01,515.0,177.0,12.1,10.9,507.84678522571824,919,823
DrugiRusekZ3,3,8,23.0,73.73471999999998,21.0,0.09999999999999432,42.0,166666.66666666666,20.0,0,3.8,520.0,175.0,0.0,0.0,513.5,871,837
DrugiRusekZ4,3,8,17.0,67.41471999999999,16.0,0.09999999999999432,33.0,160000.0,9.0,0,2.0,498.0,173.0,12.0,11.6,480.76177285318556,777,839
DrugiRusekZ5,3,8,20.0,106.93472,22.0,0.9000000000000057,30.0,168666.66666666666,17.0,161,3.7,499.0,180.0,0.0,0.0,497.0,882,692
DrugiRusekZ6,3,8,17.0,70.41471999999999,21.0,0.09999999999999432,0.0,166666.66666666666,15.0,0,2.3,505.0,175.0,0.0,0.0,491.42857142857144,775,780
FullJoin,3,8,14.0,121.53472,22.0,0.09999999999999432,40.0,250000.0,20.0,0,3.9,483.0,175.0,0.0,13.1,474.5,938,912
HEATTEAM,3,8,40.0,99.25471999999999,10.0,0.09999999999999432,37.0,213000.0,20.0,0,3.74,504.0,170.0,9.4,10.9,486.3880794701987,800,675
Mezzafive,3,8,18.0,46.53472,25.0,0.09999999999999432,17.0,216666.66666666666,35.0,0,3.92,507.0,182.0,0.0,0.0,512.2857142857143,845,825
MinisterstwoStrategii,3,8,18.0,100.61472,30.0,5.799999999999997,37.0,313333.3333333333,25.0,0,3.98,519.0,165.0,10.0,11.4,510.99736842105267,826,730
SGGW,3,8,26.0,57.37472,21.0,0.09999999999999432,8.0,166666.66666666666,15.0,81,3.92,503.0,183.0,0.0,0.0,541.2857142857143,841,760
SystemyGB,3,8,20.0,85.93472,30.0,0.09999999999999432,20.0,191666.66666666666,30.0,0,3.88,469.0,162.0,10.9,11.9,501.0274725274726,815,737
Triada,3,8,30.0,125.29471999999998,20.0,0.09999999999999432,23.0,193333.3333333333,25.0,0,2.86,491.0,180.0,0.0,11.7,490.3333333333333,909,881
UniversalSolutions,3,8,20.0,70.41471999999999,20.0,0.0,20.0,178333.3333333333,15.0,0,4.02,520.0,185.0,0.0,0.0,493.6666666666667,744,731
VinciSquad,3,8,18.0,100.61472,30.0,5.799999999999997,37.0,313333.3333333333,25.0,0,4.0,519.0,175.0,12.3,12.1,520.0606488011283,844,769
5cars,3,9,15.0,94.640832,20.0,0.20000000000000284,6.0,192333.3333333333,19.0,0,3.78,480.0,187.0,0.0,0.0,512.1428571428571,1143,938
AMS,3,9,28.0,72.464832,21.0,0.09999999999999432,35.0,180000.0,15.0,0,3.41,530.0,172.0,13.5,12.2,512.864265927978,937,893
ANA,3,9,32.0,92.368832,30.0,0.0,15.0,300000.0,26.0,1,3.88,540.0,165.0,12.0,13.1,511.4173553719009,1077,829
BandTInc,3,9,20.0,87.52083199999998,20.0,0.0,27.0,233333.3333333333,20.0,0,3.81,505.0,179.0,0.0,0.0,491.6666666666667,1187,959
Batmaja,3,9,40.0,85.56883199999999,17.0,0.09999999999999432,18.0,275000.0,15.0,97,3.81,517.0,180.0,11.8,0.0,461.81127129750973,1050,867
Bekarty,3,9,25.0,52.840832,20.0,0.09999999999999432,32.0,166666.66666666666,15.0,0,3.91,500.0,177.0,13.0,0.0,487.96725784447466,1088,882
CheckRaise,3,9,29.0,102.400832,21.0,0.09999999999999432,33.0,283333.3333333333,21.0,0,3.8,479.0,172.0,13.9,16.2,502.1457489878543,1232,972
DrugiRusekZ1,3,9,17.0,66.808832,42.0,0.09999999999999432,14.0,248333.3333333333,18.0,0,3.88,645.0,175.0,10.0,8.9,533.2237380627558,781,708
DrugiRusekZ2,3,9,40.0,84.040832,24.0,0.09999999999999432,0.0,306666.6666666666,20.0,112,3.66,515.0,177.0,10.9,0.0,532.4573333333333,1265,807
DrugiRusekZ3,3,9,23.0,73.240832,21.0,0.09999999999999432,37.0,166666.66666666666,18.0,0,3.45,527.0,175.0,0.0,0.0,516.5,1040,871
DrugiRusekZ4,3,9,9.0,64.448832,15.0,0.09999999999999432,33.0,150000.0,9.0,0,1.75,501.0,173.0,11.6,0.0,480.5561877667142,825,777
DrugiRusekZ5,3,9,20.0,108.160832,22.0,0.7000000000000028,17.0,160000.0,17.0,82,3.35,499.0,180.0,0.0,0.0,498.6666666666667,1016,800
DrugiRusekZ6,3,9,17.0,70.248832,21.0,0.09999999999999432,0.0,166666.66666666666,15.0,59,2.3,509.0,175.0,0.0,0.0,489.85714285714283,888,716
FullJoin,3,9,14.0,122.92083199999999,22.0,0.0,39.0,250000.0,20.0,0,3.76,483.0,155.0,13.1,14.6,475.72446236559136,1089,938
HEATTEAM,3,9,40.0,106.552832,10.0,0.29999999999999716,13.0,220000.0,15.0,0,3.39,294.0,170.0,10.9,0.0,461.81127129750973,1949,800
Mezzafive,3,9,18.0,43.920832,25.0,0.5999999999999943,12.0,216666.66666666666,45.0,76,3.82,509.0,185.0,0.0,0.0,489.7142857142857,992,769
MinisterstwoStrategii,3,9,30.0,83.368832,30.0,0.0,33.0,333333.3333333333,26.0,0,3.88,518.0,165.0,11.4,10.9,512.1462765957448,1096,826
SGGW,3,9,22.0,54.424832,20.0,0.09999999999999432,7.0,173333.3333333333,30.0,81,3.57,538.0,185.0,0.0,10.6,501.2857142857143,733,760
SystemyGB,3,9,20.0,76.560832,30.0,0.09999999999999432,13.0,191666.66666666666,30.0,5,3.77,469.0,157.0,11.9,12.1,502.7582417582418,982,810
Triada,3,9,34.0,130.176832,20.0,0.0,10.0,233333.3333333333,20.0,115,2.53,471.0,163.0,11.7,0.0,487.96725784447466,1092,794
UniversalSolutions,3,9,20.0,70.248832,20.0,0.0,9.0,180333.3333333333,15.0,0,3.92,520.0,185.0,0.0,0.0,508.1666666666667,863,744
VinciSquad,3,9,30.0,83.368832,30.0,0.0,33.0,333333.3333333333,26.0,32,3.88,518.0,165.0,12.1,11.8,494.8235294117648,1053,812
