Team,History,Cycle,DirAdv,CorpAdv,Commission,AgentsDistr,Training,ManagBudget,BacklogOrders,RandD,Price,AssemblyTime,MarketShares_p,MarketShares_c,MeanPrice,NumOrders,NumSales_p
Historia,0,0,0.0,0.0,0.0,0,1.0,26666.666666666664,0,1.75,0.0,300.0,0.0,0.0,,0,0
Historia,0,1,0.0,0.0,0.0,0,3.0,73333.33333333333,0,1.53,0.0,325.0,0.0,0.0,,0,0
Historia,0,2,0.0,0.0,6.0,0,1.0,90000.0,0,1.58,0.0,325.0,0.0,0.0,,0,0
Historia,0,3,5.0,5.0,6.0,1,0.0,103333.33333333333,0,1.63,680.0,325.0,0.0,0.0,680.0,73,0
Historia,0,4,5.0,8.0,6.0,1,0.0,111666.66666666666,6,1.68,725.0,325.0,0.0,0.0,725.0,75,67
BMC,0,5,45.0,9.8,6.0,1,2.0,136666.66666666666,0,1.73,700.0,327.0,0.0,4.4,748.2,127,75
Banana,0,5,5.0,9.8,3.0,1,2.0,116666.66666666666,0,1.75,730.0,350.0,0.0,2.8,666.125,79,75
Batmaja,0,5,7.0,9.8,12.0,1,22.0,211333.3333333333,0,1.72,704.0,320.0,0.0,3.5,829.5,123,75
MBC,0,5,5.0,9.8,7.0,1,0.0,116666.66666666666,0,1.73,720.0,325.0,0.0,3.0,729.0,81,75
Mioduszewski,0,5,15.0,9.8,7.0,1,5.0,120000.0,0,1.74,750.0,340.0,0.0,2.7,733.0,88,75
Najda,0,5,7.0,9.8,6.0,1,1.0,123333.33333333333,0,1.73,725.0,325.0,0.0,3.2,728.0,87,75
Perspec,0,5,15.0,9.8,6.0,1,3.0,123333.33333333333,0,1.73,720.0,330.0,0.0,3.5,721.0,97,75
Radw,0,5,5.0,9.8,7.0,1,0.0,116666.66666666666,0,1.73,725.0,330.0,0.0,3.2,731.2,82,75
X21,0,5,5.0,9.8,13.0,1,30.0,150000.0,0,1.73,877.0,328.0,0.0,0.0,821.375,69,75
X22,0,5,5.0,9.8,13.0,1,30.0,150000.0,0,1.74,864.0,335.0,0.0,0.0,842.25,75,75
X23,0,5,3.0,9.8,12.0,1,25.0,150000.0,0,1.73,852.0,329.0,0.0,0.0,755.5,63,75
X24,0,5,3.0,9.8,12.0,1,25.0,150000.0,0,1.73,852.0,329.0,0.0,0.0,837.375,60,75
X25,0,5,5.0,9.8,6.0,1,0.0,156666.66666666666,0,1.75,725.0,345.0,0.0,3.2,747.5,86,75
X26,0,5,7.0,9.8,6.0,1,2.0,123333.33333333333,0,1.74,735.0,340.0,0.0,3.1,753.75,83,75
X27,0,5,6.0,9.8,15.0,1,60.0,163333.3333333333,0,1.73,800.0,325.0,0.0,4.1,750.0,140,75
X28,0,5,5.0,9.8,9.0,1,6.0,127333.33333333333,0,1.73,800.0,325.0,0.0,2.3,732.5,61,75
X29,0,5,8.0,9.8,6.0,1,8.0,123333.33333333333,0,1.74,744.0,335.0,0.0,0.0,734.25,82,75
X30,0,5,6.0,9.8,13.0,1,60.0,150666.66666666666,0,1.73,910.0,325.0,0.0,2.0,761.625,63,75
BMC,0,6,45.0,25.88,6.0,6,3.0,180000.0,13,1.78,700.0,330.0,4.4,18.5,738.0392156862745,309,114
Banana,0,6,5.0,20.88,1.0,2,4.0,136666.66666666666,0,1.77,730.0,315.0,2.8,2.1,739.4502617801048,45,79
Batmaja,0,6,14.0,55.88,12.0,5,37.0,353333.3333333333,35,1.76,800.0,310.0,3.5,10.5,831.3186274509806,190,88
MBC,0,6,10.0,25.88,7.0,3,1.0,116666.66666666666,0,1.78,825.0,325.0,3.0,6.3,753.3018867924528,142,82
Mioduszewski,0,6,15.0,20.88,7.0,2,8.0,131666.66666666666,18,1.79,795.0,330.0,2.7,8.7,741.161971830986,143,70
Najda,0,6,9.0,12.879999999999999,6.0,2,2.0,187333.3333333333,2,1.78,734.0,330.0,3.2,8.7,730.8476821192053,137,85
Perspec,0,6,25.0,30.88,6.0,3,7.0,143333.3333333333,9,1.79,715.0,340.0,3.5,6.5,720.1581920903956,215,88
Radw,0,6,5.0,15.879999999999999,7.0,2,0.0,116666.66666666666,0,1.75,725.0,300.0,3.2,6.1,736.9930069930069,149,83
X21,0,6,8.0,19.88,13.0,5,40.0,200000.0,0,1.78,746.0,328.0,0.0,0.0,741.25,197,69
X22,0,6,8.0,20.88,13.0,5,35.0,200000.0,0,1.79,750.0,335.0,0.0,11.1,802.5,219,75
X23,0,6,5.0,20.88,12.0,4,37.0,200000.0,1,1.78,830.0,329.0,0.0,0.0,689.5,142,62
X24,0,6,5.0,20.88,12.0,4,37.0,200000.0,0,1.79,770.0,335.0,0.0,0.0,812.0,174,60
X25,0,6,5.0,20.88,6.0,3,0.0,216666.66666666666,0,1.8,760.0,345.0,3.2,5.0,744.147465437788,181,87
X26,0,6,5.0,12.879999999999999,6.0,1,6.0,133333.3333333333,0,1.79,755.0,340.0,3.1,2.5,745.8536585365854,53,83
X27,0,6,20.0,20.88,15.0,4,70.0,246666.66666666666,31,1.78,735.0,325.0,4.1,17.9,665.4455445544553,419,109
X28,0,6,7.0,16.88,9.0,2,10.0,153333.3333333333,0,1.78,735.0,330.0,2.3,9.5,754.3545454545455,177,61
X29,0,6,12.0,20.88,6.0,2,11.0,133333.3333333333,0,1.79,744.0,335.0,0.0,0.0,733.4285714285714,147,82
X30,0,6,11.0,22.88,13.0,4,70.0,201666.66666666666,8,1.78,728.0,325.0,2.0,13.3,774.4453781512606,233,55
BMC,0,7,45.0,35.528,6.0,5,3.0,200000.0,1,2.78,745.0,330.0,18.5,17.6,754.6445623342174,307,308
Banana,0,7,5.0,22.528,3.0,1,5.0,166666.66666666666,0,2.49,760.0,330.0,2.1,2.4,582.9591836734695,45,45
Batmaja,0,7,8.0,83.52799999999999,12.0,6,37.0,353333.3333333333,0,2.46,730.0,310.0,10.5,7.3,767.3013698630137,261,199
MBC,0,7,10.0,35.528,7.0,5,2.0,116666.66666666666,23,2.49,750.0,330.0,6.3,13.6,706.4156976744187,262,119
Mioduszewski,0,7,12.0,27.528,7.0,3,13.0,141666.66666666666,0,1.56,755.0,350.0,8.7,13.1,738.6574074074074,241,149
Najda,0,7,9.0,37.728,6.0,4,3.0,268333.3333333333,0,1.84,739.0,335.0,8.7,12.1,734.3155737704918,224,137
Perspec,0,7,20.0,63.528,6.0,3,6.0,161666.66666666666,115,2.79,715.0,335.0,6.5,16.9,749.2730923694779,249,100
Radw,0,7,5.0,19.528,7.0,2,0.0,123333.33333333333,48,1.5,725.0,300.0,6.1,10.6,724.9530516431925,174,101
X21,0,7,8.0,27.928,13.0,5,28.0,213333.3333333333,6,2.78,829.0,328.0,0.0,0.0,773.375,188,191
X22,0,7,10.0,32.528,13.0,5,25.0,213333.3333333333,20,2.79,802.0,335.0,11.1,10.8,808.474245115453,219,199
X23,0,7,10.0,37.528,12.0,5,28.0,213333.3333333333,0,2.78,840.0,330.0,0.0,0.0,730.75,214,142
X24,0,7,10.0,37.528,12.0,5,28.0,213333.3333333333,0,2.78,860.0,330.0,0.0,0.0,826.75,180,174
X25,0,7,5.0,27.528,6.0,3,2.0,220000.0,83,1.85,760.0,345.0,5.0,0.0,742.9178470254958,192,98
X26,0,7,16.0,15.728,7.0,3,10.0,140000.0,3,2.83,755.0,345.0,2.5,4.5,743.9895833333335,287,50
X27,0,7,30.0,22.528,15.0,4,45.0,280000.0,82,2.78,928.0,325.0,17.9,13.9,805.6489028213166,297,337
X28,0,7,7.0,24.128,9.0,4,10.0,170333.3333333333,0,1.83,735.0,330.0,9.5,0.0,739.4042056074767,231,177
X29,0,7,13.0,27.528,6.0,3,14.0,136666.66666666666,34,2.8,744.0,335.0,0.0,0.0,714.8571428571429,223,113
X30,0,7,10.0,30.727999999999998,13.0,4,43.0,215000.0,0,2.78,765.0,325.0,13.3,11.4,758.8272727272728,245,237
BMC,0,8,45.0,41.3168,6.0,5,3.0,200000.0,0,2.78,720.0,330.0,17.6,18.3,712.3396226415094,282,310
Batmaja,0,8,10.0,72.1168,12.0,6,37.0,353333.3333333333,115,2.46,772.0,310.0,7.3,9.2,781.0683890577509,167,146
Mioduszewski,0,8,10.0,26.5168,7.0,4,17.0,141666.66666666666,0,2.57,755.0,350.0,13.1,16.7,729.2682926829268,244,241
Najda,0,8,9.0,52.6368,6.0,4,2.0,268333.3333333333,0,1.84,739.0,340.0,12.1,13.5,748.1331658291456,201,224
Perspec,0,8,17.0,83.1168,6.0,3,5.0,166666.66666666666,0,2.79,705.0,340.0,16.9,15.7,668.5479797979798,234,307
Radw,0,8,5.0,21.7168,7.0,3,0.0,133333.3333333333,0,1.55,700.0,300.0,10.6,0.0,727.2140221402215,173,198
X21,0,8,6.0,41.7568,13.0,5,18.0,240000.0,0,2.78,792.0,328.0,0.0,0.0,769.375,176,189
X22,0,8,9.0,34.516799999999996,13.0,5,20.0,240000.0,0,2.79,759.0,335.0,10.8,0.0,795.9113149847095,206,226
X23,0,8,7.0,42.516799999999996,12.0,5,25.0,240000.0,10,2.79,823.0,340.0,0.0,0.0,734.25,152,204
X24,0,8,5.0,42.516799999999996,12.0,5,25.0,240000.0,0,2.79,798.0,340.0,0.0,0.0,814.875,174,180
X25,0,8,5.0,36.516799999999996,6.0,3,1.0,225000.0,0,2.8,760.0,345.0,0.0,0.0,746.875,199,226
X26,0,8,21.0,25.436799999999998,7.0,3,15.0,153333.3333333333,187,2.83,755.0,345.0,4.5,14.7,762.9945054945053,230,100
X27,0,8,14.0,18.5168,15.0,4,37.0,300000.0,0,2.78,816.0,325.0,13.9,17.2,858.3946731234869,355,315
X28,0,8,7.0,25.476799999999997,9.0,4,10.0,176000.0,0,2.78,765.0,330.0,0.0,0.0,738.0,205,231
X29,0,8,15.0,31.5168,6.0,3,17.0,143000.0,36,2.79,744.0,334.0,0.0,0.0,731.0,202,187
X30,0,8,7.0,30.436799999999998,13.0,3,32.0,235000.0,0,2.78,765.0,325.0,11.4,11.0,755.979938271605,198,245
BMC,0,9,45.0,44.79008,5.0,6,3.0,200000.0,0,3.73,740.0,330.0,18.3,0.0,741.0084033613446,243,282
Batmaja,0,9,7.0,60.27007999999999,12.0,6,37.0,353333.3333333333,5,3.11,791.0,310.0,9.2,0.0,780.1268011527377,172,162
Mioduszewski,0,9,12.0,25.910079999999997,7.0,4,17.0,143666.66666666666,0,3.52,755.0,355.0,16.7,18.0,741.6343042071197,265,244
Najda,0,9,14.0,56.58208,8.0,4,1.0,268333.3333333333,0,1.84,734.0,340.0,13.5,0.0,743.6494382022472,254,201
Radw,0,9,10.0,18.030079999999998,7.0,3,0.0,133333.3333333333,0,2.25,700.0,300.0,0.0,0.0,741.0,218,173
X21,0,9,9.0,35.05408,14.0,5,11.0,250000.0,17,3.73,858.0,328.0,0.0,0.0,798.0,170,159
X22,0,9,15.0,30.710079999999998,13.0,5,17.0,250000.0,0,3.74,700.0,335.0,0.0,0.0,780.875,291,206
X23,0,9,7.0,37.51008,13.0,5,15.0,250000.0,0,3.74,850.0,340.0,0.0,0.0,831.875,195,157
X24,0,9,8.0,36.51008,13.0,5,15.0,250000.0,0,3.74,850.0,340.0,0.0,0.0,722.75,191,174
X25,0,9,10.0,31.910079999999997,6.0,3,0.0,225000.0,0,3.45,760.0,345.0,0.0,11.7,752.5,239,202
X26,0,9,25.0,36.26208,7.0,4,17.0,158333.3333333333,0,3.8,755.0,345.0,14.7,13.0,766.4247311827958,288,324
X27,0,9,16.0,16.11008,15.0,5,28.0,300000.0,24,3.73,857.0,325.0,17.2,18.6,833.4872340425533,408,331
X28,0,9,7.0,25.28608,9.0,4,10.0,180000.0,0,3.43,710.0,330.0,0.0,0.0,704.4285714285714,257,205
X29,0,9,14.0,33.910079999999994,6.0,3,17.0,147000.0,0,3.76,744.0,345.0,0.0,0.0,733.2857142857143,227,227
X30,0,9,7.0,27.26208,13.0,4,24.0,235000.0,2,3.73,734.0,325.0,11.0,12.1,749.4573170731708,256,196
Historia,1,0,0.0,0.0,0.0,0,1.0,26666.666666666664,0,1.75,0.0,300.0,0.0,0.0,,0,0
Historia,1,1,0.0,0.0,0.0,0,3.0,73333.33333333333,0,1.53,0.0,325.0,0.0,0.0,,0,0
Historia,1,2,0.0,0.0,6.0,0,1.0,90000.0,0,1.58,0.0,325.0,0.0,0.0,,0,0
Historia,1,3,5.0,5.0,6.0,1,0.0,103333.33333333333,0,1.63,680.0,325.0,0.0,0.0,680.0,69,0
Historia,1,4,5.0,8.0,6.0,1,0.0,111666.66666666666,2,1.68,725.0,325.0,0.0,0.0,725.0,63,67
Banana,1,5,4.0,9.8,5.0,1,3.0,120000.0,0,1.73,725.0,325.0,0.0,2.7,742.375,75,63
Batmaja,1,5,10.0,9.8,7.0,1,2.0,120000.0,0,1.73,720.0,325.0,0.0,3.2,750.625,87,63
Batmaja,1,5,7.0,9.8,12.0,1,23.0,203333.3333333333,0,1.71,864.0,313.0,0.0,2.4,797.5714285714286,62,63
EnactusUEP,1,5,5.0,9.8,7.0,1,1.0,120000.0,0,1.73,725.0,325.0,0.0,2.9,738.125,77,63
MBC,1,5,5.0,9.8,7.0,1,2.0,120000.0,0,1.73,720.0,325.0,0.0,0.0,726.25,79,63
Mezzafive,1,5,10.0,9.8,6.0,1,0.0,123333.33333333333,0,1.73,750.0,325.0,0.0,2.9,750.625,77,63
Mezzafive,1,5,7.0,9.8,7.0,1,2.0,136666.66666666666,0,1.73,732.0,326.0,0.0,0.0,762.7142857142857,80,63
Najda,1,5,2.0,9.8,13.0,1,45.0,150000.0,0,1.73,999.0,330.0,0.0,0.0,847.25,31,63
Rosyjski1,1,5,7.0,9.8,12.0,1,25.0,183333.3333333333,0,1.73,864.0,325.0,0.0,2.4,751.75,63,63
SGGW,1,5,7.0,9.8,6.0,1,2.0,116666.66666666666,0,1.74,725.0,335.0,0.0,3.1,762.7142857142857,79,63
UniversalSolutions,1,5,20.0,9.8,7.0,1,2.0,126666.66666666666,0,1.73,725.0,325.0,0.0,2.9,720.0,83,63
UniversalSolutions,1,5,10.0,9.8,6.0,1,3.0,118000.0,0,1.74,725.0,335.0,0.0,0.0,763.5714285714286,83,63
Wilki,1,5,6.0,9.8,6.0,1,1.0,116666.66666666666,0,1.73,719.0,330.0,0.0,0.0,723.25,81,63
X03,1,5,3.0,9.8,15.0,1,25.0,150000.0,0,1.73,900.0,326.0,0.0,0.0,847.25,73,63
X04,1,5,3.0,9.8,15.0,1,25.0,150000.0,0,1.73,930.0,325.0,0.0,0.0,874.25,63,63
X05,1,5,3.0,9.8,15.0,1,25.0,150000.0,0,1.73,900.0,326.0,0.0,0.0,805.0,17,63
Zwolińsk,1,5,5.0,9.8,7.0,1,0.0,116666.66666666666,0,1.73,720.0,325.0,0.0,2.5,727.375,76,63
Banana,1,6,5.0,15.879999999999999,4.0,2,5.0,125000.0,3,1.84,755.0,385.0,2.7,3.6,756.0691244239632,100,72
Batmaja,1,6,5.0,20.88,7.0,5,3.0,128333.33333333333,3,1.81,792.0,360.0,3.2,9.2,762.1306532663316,234,84
Batmaja,1,6,12.0,55.88,12.0,5,39.0,333333.3333333333,0,1.77,821.0,320.0,2.4,12.3,843.8165680473373,289,62
EnactusUEP,1,6,10.0,15.879999999999999,7.0,2,1.0,128333.33333333333,0,1.78,730.0,330.0,2.9,4.5,731.4851485148516,222,77
MBC,1,6,5.0,20.88,7.0,5,4.0,128333.33333333333,0,1.81,720.0,355.0,0.0,0.0,741.25,327,79
Mezzafive,1,6,10.0,15.879999999999999,6.0,2,0.0,146666.66666666666,0,1.78,735.0,325.0,2.9,3.5,762.1306532663316,174,77
Mezzafive,1,6,7.0,19.88,7.0,2,4.0,166666.66666666666,0,1.78,747.0,326.0,0.0,0.0,782.4285714285714,176,80
Najda,1,6,5.0,23.88,13.0,5,65.0,213333.3333333333,0,1.79,880.0,340.0,0.0,0.0,837.375,155,31
Rosyjski1,1,6,12.0,55.88,12.0,5,42.0,283333.3333333333,0,1.78,805.0,325.0,2.4,12.2,730.4040404040404,365,63
SGGW,1,6,10.0,17.88,6.0,2,3.0,116666.66666666666,0,1.79,725.0,335.0,3.1,0.0,771.8191489361702,164,79
UniversalSolutions,1,6,20.0,20.88,7.0,2,3.0,145000.0,4,1.8,735.0,335.0,2.9,2.2,731.015625,237,79
UniversalSolutions,1,6,11.0,15.879999999999999,7.0,1,5.0,122000.0,0,1.79,725.0,335.0,0.0,0.0,781.7142857142857,65,83
Wilki,1,6,8.0,11.879999999999999,6.0,1,1.0,116666.66666666666,17,1.78,710.0,330.0,0.0,0.0,723.625,66,64
X03,1,6,3.0,22.88,15.0,4,37.0,213333.3333333333,3,1.76,765.0,310.0,0.0,9.7,837.375,247,70
X04,1,6,8.0,22.88,15.0,4,37.0,213333.3333333333,0,1.76,765.0,310.0,0.0,0.0,797.375,229,63
X05,1,6,8.0,22.88,15.0,4,47.0,213333.3333333333,0,1.81,800.0,360.0,0.0,0.0,785.8,189,17
Zwolińsk,1,6,5.0,10.879999999999999,7.0,1,0.0,116666.66666666666,8,1.78,720.0,325.0,2.5,2.1,728.2075471698114,65,68
Banana,1,7,6.0,19.528,4.0,2,6.0,128333.33333333333,5,2.56,755.0,415.0,3.6,6.4,796.133891213389,141,95
Batmaja,1,7,5.0,32.528,7.0,5,3.0,136666.66666666666,0,2.46,725.0,309.0,9.2,12.6,745.284046692607,334,234
Batmaja,1,7,15.0,83.52799999999999,12.0,5,38.0,333333.3333333333,0,2.76,855.0,313.0,12.3,12.5,865.3333333333333,262,289
EnactusUEP,1,7,25.0,24.528,6.0,2,0.0,136666.66666666666,103,1.91,730.0,330.0,4.5,3.3,736.2660944206008,254,119
MBC,1,7,5.0,32.528,7.0,5,6.0,136666.66666666666,7,1.56,725.0,355.0,0.0,0.0,746.875,299,320
Mezzafive,1,7,7.0,25.928,8.0,2,6.0,166666.66666666666,88,2.78,753.0,326.0,0.0,0.0,810.0,186,88
Najda,1,7,5.0,34.328,13.0,5,48.0,240000.0,0,2.77,865.0,321.0,0.0,0.0,805.375,152,155
Rosyjski1,1,7,15.0,83.52799999999999,12.0,5,42.0,283333.3333333333,64,2.78,850.0,325.0,12.2,13.7,793.6074074074074,300,301
SGGW,1,7,10.0,24.727999999999998,6.0,2,3.0,116666.66666666666,10,1.79,725.0,335.0,0.0,0.0,782.4285714285714,164,154
UniversalSolutions,1,7,15.0,37.528,7.0,3,9.0,150000.0,187,2.5,850.0,335.0,2.2,5.9,764.5833333333334,106,50
Wilki,1,7,10.0,17.128,6.0,1,1.0,116666.66666666666,0,2.48,719.0,331.0,0.0,0.0,727.375,63,74
X03,1,7,7.0,30.727999999999998,15.0,4,38.0,233333.3333333333,0,2.77,765.0,320.0,9.7,0.0,798.3188405797102,241,247
X04,1,7,7.0,30.727999999999998,15.0,5,38.0,233333.3333333333,0,2.77,765.0,320.0,0.0,0.0,754.25,201,229
X05,1,7,8.0,30.727999999999998,15.0,4,47.0,240000.0,0,2.81,790.0,360.0,0.0,0.0,771.0,238,189
Zwolińsk,1,7,5.0,11.527999999999999,7.0,1,0.0,116666.66666666666,9,1.53,720.0,325.0,2.1,2.5,725.2587719298247,49,56
Banana,1,8,2.0,22.7168,4.0,2,7.0,133333.3333333333,0,2.54,785.0,390.0,6.4,0.0,842.2702702702702,106,143
Batmaja,1,8,13.0,85.1168,12.0,5,37.0,333333.3333333333,0,2.78,907.0,325.0,12.5,9.3,854.4401913875598,210,262
EnactusUEP,1,8,20.0,34.7168,12.0,5,20.0,155000.0,183,1.7,785.0,350.0,3.3,5.7,481.81343283582095,206,71
MBC,1,8,20.0,44.516799999999996,7.0,5,5.0,145000.0,0,2.55,735.0,335.0,0.0,0.0,748.125,367,301
Mezzafive,1,8,12.0,29.5568,8.0,2,25.0,166666.66666666666,15,2.78,821.0,326.0,0.0,0.0,820.7142857142857,173,171
Najda,1,8,6.0,30.596799999999998,14.0,5,27.0,250000.0,0,2.79,790.0,333.0,0.0,0.0,784.375,224,152
Rosyjski1,1,8,13.0,85.1168,12.0,5,42.0,283333.3333333333,13,2.78,907.0,325.0,13.7,11.8,771.0705882352942,256,287
SGGW,1,8,10.0,28.836799999999997,6.0,2,3.0,116666.66666666666,10,1.79,725.0,335.0,0.0,0.0,782.4285714285714,164,154
Wilki,1,8,11.0,22.2768,7.0,1,1.0,116666.66666666666,14,2.19,705.0,333.0,0.0,0.0,725.875,59,49
X03,1,8,9.0,35.4368,15.0,5,42.0,236666.66666666666,0,2.79,760.0,340.0,0.0,0.0,784.375,277,241
X04,1,8,7.0,35.4368,15.0,5,42.0,233333.3333333333,0,2.79,760.0,340.0,0.0,0.0,742.875,226,201
X05,1,8,5.0,35.4368,15.0,4,43.0,250000.0,49,2.76,800.0,305.0,0.0,0.0,769.8,228,189
Zwolińsk,1,8,5.0,11.916799999999999,7.0,1,0.0,116666.66666666666,0,1.58,720.0,325.0,2.5,2.2,723.4153225806451,53,55
Banana,1,9,2.0,16.63008,5.0,1,9.0,133333.3333333333,63,3.48,825.0,375.0,0.0,0.0,800.125,35,43
Batmaja,1,9,17.0,76.07007999999999,12.0,5,37.0,333333.3333333333,0,3.73,907.0,325.0,9.3,10.9,852.826,235,210
EnactusUEP,1,9,15.0,40.830079999999995,12.0,5,33.0,175000.0,92,1.75,785.0,350.0,5.7,9.9,793.983136593592,176,114
MBC,1,9,20.0,56.71008,6.0,5,3.0,150000.0,0,3.22,745.0,360.0,0.0,14.2,749.375,346,367
Mezzafive,1,9,32.0,31.734080000000002,8.0,3,37.0,166666.66666666666,0,3.73,821.0,325.0,0.0,0.0,820.2857142857143,232,192
Rosyjski1,1,9,12.0,76.07007999999999,12.0,5,30.0,283333.3333333333,0,3.73,950.0,325.0,11.8,10.9,802.6458333333331,233,267
SGGW,1,9,12.0,31.30208,6.0,2,4.0,120000.0,10,2.49,800.0,335.0,0.0,0.0,810.0,122,154
Wilki,1,9,9.0,28.366079999999997,7.0,1,0.0,116666.66666666666,0,1.89,715.0,333.0,0.0,0.0,728.75,54,66
X03,1,9,9.0,38.26208,15.0,5,37.0,245000.0,0,3.42,760.0,320.0,0.0,0.0,786.0,283,277
X04,1,9,7.0,38.26208,15.0,5,37.0,233333.3333333333,0,3.74,790.0,335.0,0.0,0.0,753.875,228,226
X05,1,9,5.0,38.26208,15.0,4,37.0,250000.0,0,3.73,815.0,330.0,0.0,0.0,763.0,242,244
Historia,2,0,0.0,0.0,0.0,0,1.0,33333.33333333333,0,1.75,0.0,300.0,0.0,0.0,,0,0
Historia,2,1,0.0,0.0,0.0,0,3.0,90000.0,0,1.53,0.0,325.0,0.0,0.0,,0,0
Historia,2,2,0.0,0.0,6.0,0,1.0,106666.66666666666,0,1.58,0.0,325.0,0.0,0.0,,0,0
Historia,2,3,5.0,5.0,6.0,1,0.0,120000.0,0,1.63,680.0,325.0,0.0,0.0,680.0,57,0
Historia,2,4,5.0,8.0,6.0,1,0.0,128333.33333333333,7,1.68,725.0,325.0,0.0,0.0,725.0,61,50
BMC,2,5,20.0,9.8,6.0,1,2.0,146666.66666666666,0,1.73,680.0,327.0,0.0,3.9,779.4,103,63
Crazy,2,5,6.0,9.8,6.0,1,0.0,134000.0,0,1.73,725.0,325.0,0.0,0.0,753.5714285714286,66,63
MBC,2,5,15.0,9.8,7.0,1,3.0,160000.0,0,1.73,775.0,331.0,0.0,2.4,769.625,66,63
Mioduszewski,2,5,20.0,9.8,7.0,1,2.0,136666.66666666666,0,1.73,725.0,325.0,0.0,2.9,720.0,83,63
Mioduszewski,2,5,10.0,9.8,7.0,1,3.0,136666.66666666666,0,1.75,725.0,350.0,0.0,2.6,723.625,76,63
Najda,2,5,10.0,9.8,15.0,1,60.0,176666.66666666666,0,1.73,915.0,325.0,0.0,2.2,762.1428571428571,58,63
Perspec,2,5,7.0,9.8,6.0,1,0.0,137333.3333333333,0,1.73,715.0,325.0,0.0,2.9,719.0,77,63
Radw,2,5,5.0,9.8,6.0,1,0.0,133333.3333333333,0,1.76,735.0,355.0,0.0,2.3,734.625,64,63
Rosyjski2,2,5,5.0,9.8,12.0,1,60.0,190000.0,0,1.74,799.0,340.0,0.0,2.5,795.5,62,63
X01,2,5,7.0,9.8,6.0,1,1.0,140000.0,0,1.82,750.0,420.0,0.0,2.2,723.625,65,63
X02,2,5,5.0,9.8,6.0,1,3.0,133333.3333333333,0,1.73,730.0,325.0,0.0,2.4,746.625,66,63
X06,2,5,5.0,9.8,9.0,1,10.0,173333.3333333333,0,1.73,849.0,330.0,0.0,1.4,742.7142857142857,39,63
X07,2,5,5.0,9.8,6.0,1,3.0,133333.3333333333,0,1.73,730.0,325.0,0.0,2.4,746.625,66,63
X08,2,5,7.0,9.8,6.0,1,3.0,133333.3333333333,0,1.73,710.0,330.0,0.0,2.7,746.625,73,63
X09,2,5,7.0,9.8,6.0,1,3.0,133333.3333333333,0,1.73,710.0,330.0,0.0,2.7,746.625,73,63
X10,2,5,3.0,9.8,13.0,1,30.0,206666.66666666666,0,1.73,819.0,325.0,0.0,0.0,774.375,69,63
X11,2,5,3.0,9.8,12.0,1,30.0,200000.0,0,1.76,884.0,360.0,0.0,0.0,922.25,39,63
X12,2,5,3.0,9.8,12.0,1,30.0,200000.0,0,1.76,884.0,360.0,0.0,1.5,869.625,40,63
X13,2,5,3.0,9.8,12.0,1,25.0,200000.0,0,1.73,965.0,326.0,0.0,0.9,869.625,24,63
X14,2,5,5.0,9.8,7.0,1,0.0,133333.3333333333,0,1.73,700.0,325.0,0.0,2.6,723.125,73,63
X15,2,5,4.0,9.8,7.0,1,4.0,140000.0,0,1.73,849.0,330.0,0.0,0.0,740.375,36,63
X16,2,5,3.0,9.8,12.0,1,30.0,200000.0,0,1.75,948.0,350.0,0.0,0.0,809.5,26,63
X17,2,5,5.0,9.8,14.0,1,30.0,213333.3333333333,0,1.73,878.0,325.0,0.0,0.0,811.125,61,63
X18,2,5,5.0,9.8,15.0,1,20.0,186666.66666666666,0,1.73,820.0,325.0,0.0,3.3,777.125,88,63
X19,2,5,21.0,9.8,9.0,1,10.0,173333.3333333333,0,1.76,732.0,360.0,0.0,0.0,742.75,86,63
X20,2,5,5.0,9.8,13.0,1,60.0,160000.0,0,1.73,775.0,325.0,0.0,2.5,744.5,85,63
X31,2,5,5.0,9.8,6.0,1,3.0,133333.3333333333,0,1.73,730.0,325.0,0.0,2.4,746.625,66,63
X32,2,5,7.0,9.8,6.0,1,1.0,140000.0,0,1.82,750.0,420.0,0.0,2.2,723.625,65,63
BMC,2,6,40.0,55.88,7.0,4,3.0,166666.66666666666,0,1.78,680.0,330.0,3.9,14.1,747.0,310,103
Crazy,2,6,7.0,15.879999999999999,6.0,1,0.0,135000.0,0,1.78,750.0,325.0,0.0,0.0,718.1428571428571,36,66
MBC,2,6,25.0,70.88,7.0,5,4.0,220000.0,0,1.78,775.0,324.0,2.4,8.7,719.3947368421053,234,66
Mioduszewski,2,6,20.0,20.88,7.0,2,3.0,145000.0,4,1.8,735.0,335.0,2.9,2.2,731.015625,237,79
Mioduszewski,2,6,10.0,15.879999999999999,7.0,3,7.0,145000.0,4,1.8,725.0,335.0,2.6,3.6,733.35,243,72
Najda,2,6,15.0,15.879999999999999,15.0,5,80.0,258333.3333333333,0,1.78,680.0,330.0,2.2,17.9,729.0,475,58
Perspec,2,6,10.0,15.879999999999999,5.0,2,10.0,152666.66666666666,0,1.78,715.0,330.0,2.9,5.3,723.1617647058823,151,77
Radw,2,6,6.0,21.88,6.0,3,0.0,133333.3333333333,0,1.83,720.0,376.0,2.3,3.4,727.5561497326203,198,64
Rosyjski2,2,6,5.0,35.88,10.0,4,90.0,295000.0,0,1.83,928.0,380.0,2.5,4.9,800.0061728395062,113,62
X01,2,6,10.0,15.879999999999999,6.0,2,2.0,151333.3333333333,3,1.87,750.0,420.0,2.2,4.2,733.35,156,62
X02,2,6,9.0,15.879999999999999,6.0,3,8.0,136666.66666666666,0,1.78,800.0,325.0,2.4,1.4,733.6581632653061,133,66
X06,2,6,9.0,30.88,13.0,5,37.0,266666.6666666666,0,1.8,809.0,345.0,1.4,11.0,729.5833333333335,255,39
X07,2,6,9.0,15.879999999999999,6.0,3,8.0,136666.66666666666,0,1.78,800.0,325.0,2.4,1.4,733.6581632653061,133,66
X08,2,6,9.0,13.879999999999999,6.0,2,6.0,133333.3333333333,0,1.78,725.0,330.0,2.7,4.1,733.6581632653061,129,73
X09,2,6,9.0,13.879999999999999,6.0,2,6.0,133333.3333333333,0,1.78,725.0,330.0,2.7,4.1,733.6581632653061,129,73
X10,2,6,9.0,30.88,13.0,5,50.0,316666.6666666666,2,1.8,795.0,345.0,0.0,0.0,745.125,289,67
X11,2,6,17.0,55.88,12.0,5,40.0,313333.3333333333,0,1.81,800.0,360.0,0.0,0.0,862.75,246,39
X12,2,6,15.0,55.88,12.0,5,40.0,320000.0,0,1.81,787.0,360.0,1.5,10.6,814.2592592592592,281,40
X13,2,6,25.0,55.88,12.0,4,37.0,346666.6666666666,0,1.8,870.0,345.0,0.9,0.0,814.2592592592592,168,24
X14,2,6,10.0,11.879999999999999,8.0,2,20.0,166666.66666666666,0,1.78,820.0,325.0,2.6,2.3,738.2820512820513,144,73
X15,2,6,2.0,12.879999999999999,7.0,1,9.0,156666.66666666666,9,1.85,849.0,330.0,0.0,1.6,736.375,40,27
X16,2,6,20.0,95.88,12.0,5,50.0,313333.3333333333,3,1.8,885.0,350.0,0.0,0.0,824.25,196,23
X17,2,6,9.0,30.88,14.0,5,50.0,333333.3333333333,0,1.79,799.0,335.0,0.0,10.5,795.75,262,61
X18,2,6,17.0,15.879999999999999,15.0,5,33.0,266666.6666666666,0,1.78,670.0,325.0,3.3,16.9,770.8212560386473,419,88
X19,2,6,21.0,55.88,9.0,7,23.0,233333.3333333333,0,1.83,732.0,373.0,0.0,0.0,735.25,461,86
X20,2,6,18.0,23.88,13.0,4,70.0,213333.3333333333,16,1.78,775.0,325.0,2.5,12.0,658.642105263158,276,69
X31,2,6,9.0,15.879999999999999,6.0,3,8.0,136666.66666666666,0,1.78,800.0,325.0,2.4,1.4,733.6581632653061,133,66
X32,2,6,10.0,15.879999999999999,6.0,2,2.0,151333.3333333333,3,1.87,750.0,420.0,2.2,4.2,733.35,156,62
BMC,2,7,40.0,58.528,7.0,7,3.0,166666.66666666666,0,2.78,680.0,327.0,14.1,17.6,762.7100737100736,396,310
Crazy,2,7,7.0,21.528,6.0,1,0.0,133666.66666666666,0,1.53,730.0,325.0,0.0,0.0,726.1428571428571,37,36
MBC,2,7,35.0,77.52799999999999,7.0,5,3.0,253333.3333333333,0,2.78,755.0,322.0,8.7,10.6,741.0751341681573,339,234
Mioduszewski,2,7,15.0,37.528,7.0,3,9.0,150000.0,187,2.5,850.0,335.0,2.2,5.9,764.5833333333334,106,50
Mioduszewski,2,7,10.0,20.528,6.0,3,8.0,150000.0,160,2.8,755.0,330.0,3.6,0.0,739.993993993994,167,83
Najda,2,7,10.0,19.528,15.0,5,57.0,290000.0,21,2.79,809.0,340.0,17.9,0.0,749.1515837104072,268,454
Radw,2,7,10.0,26.128,6.0,3,0.0,133333.3333333333,118,1.8,725.0,300.0,3.4,7.7,730.82,193,80
Rosyjski2,2,7,4.0,56.528,10.0,4,73.0,325000.0,0,2.77,834.0,320.0,4.9,8.6,816.0581395348837,223,113
X01,2,7,10.0,21.528,6.0,2,2.0,155333.3333333333,57,2.93,760.0,420.0,4.2,5.2,739.993993993994,178,99
X02,2,7,15.0,24.528,6.0,3,12.0,141666.66666666666,97,1.83,800.0,330.0,1.4,4.6,752.376811594203,87,36
X06,2,7,11.0,43.528,13.0,5,50.0,316666.6666666666,0,2.79,849.0,340.0,11.0,9.2,759.4386422976502,239,255
X07,2,7,15.0,24.528,6.0,3,12.0,141666.66666666666,97,1.83,800.0,330.0,1.4,4.6,752.376811594203,87,36
X08,2,7,12.0,18.328,6.0,3,8.0,134666.66666666666,26,2.48,725.0,325.0,4.1,7.3,752.376811594203,199,103
X09,2,7,12.0,18.328,6.0,3,8.0,134666.66666666666,26,2.48,725.0,325.0,4.1,7.3,752.376811594203,199,103
X10,2,7,11.0,43.528,13.0,5,45.0,316666.6666666666,4,2.8,841.0,345.0,0.0,0.0,798.375,280,285
X11,2,7,15.0,83.52799999999999,12.0,5,33.0,346666.6666666666,14,2.81,831.0,360.0,0.0,9.2,744.75,272,232
X12,2,7,15.0,83.52799999999999,12.0,5,33.0,357333.3333333333,30,2.81,890.0,360.0,10.6,7.9,826.2644628099172,195,251
X13,2,7,30.0,108.52799999999999,12.0,5,33.0,416666.6666666666,0,2.8,805.0,345.0,0.0,10.7,821.75,306,168
X14,2,7,10.0,52.128,8.0,4,28.0,230000.0,87,2.48,780.0,325.0,2.3,9.4,736.4141791044777,219,57
X15,2,7,11.0,14.728,9.0,1,12.0,170000.0,0,2.61,759.0,370.0,1.6,2.7,747.2169811320755,71,40
X16,2,7,17.0,142.528,12.0,5,50.0,333333.3333333333,18,2.8,790.0,350.0,0.0,0.0,810.75,316,178
X17,2,7,15.0,48.528,14.0,5,60.0,346666.6666666666,0,2.79,800.0,335.0,10.5,0.0,757.9797297297298,317,262
X18,2,7,15.0,19.528,15.0,5,33.0,266666.6666666666,0,2.78,780.0,325.0,16.9,10.3,806.3798449612403,299,419
X19,2,7,19.0,80.52799999999999,9.0,7,27.0,233333.3333333333,292,2.85,790.0,373.0,0.0,0.0,743.125,361,169
X20,2,7,17.0,32.328,13.0,4,43.0,233333.3333333333,0,2.78,760.0,325.0,12.0,12.3,814.0558375634517,364,284
X31,2,7,15.0,24.528,6.0,3,12.0,141666.66666666666,97,1.83,800.0,330.0,1.4,4.6,752.376811594203,87,36
X32,2,7,10.0,21.528,6.0,2,2.0,155333.3333333333,57,2.93,760.0,420.0,4.2,5.2,739.993993993994,178,99
Crazy,2,8,5.0,24.9168,6.0,1,0.0,131666.66666666666,0,1.58,730.0,325.0,0.0,0.0,716.2857142857143,27,37
MBC,2,8,55.0,91.51679999999999,7.0,6,3.0,288333.3333333333,0,2.77,755.0,315.0,10.6,11.3,753.0761904761904,308,339
Mioduszewski,2,8,10.0,22.3168,6.0,3,8.0,150000.0,0,2.8,755.0,335.0,0.0,6.7,743.375,169,233
Radw,2,8,11.0,28.6768,6.0,3,0.0,133333.3333333333,0,2.79,724.0,333.0,7.7,7.2,682.4702495201535,192,231
Rosyjski2,2,8,8.0,58.916799999999995,10.0,4,67.0,325000.0,0,2.81,834.0,360.0,8.6,9.2,806.4407079646018,207,223
X01,2,8,15.0,24.9168,7.0,2,3.0,158333.3333333333,30,2.95,755.0,425.0,5.2,6.9,742.9549180327868,188,148
X02,2,8,10.0,32.7168,6.0,4,13.0,145000.0,0,1.83,800.0,330.0,4.6,2.8,753.4936974789916,138,135
X06,2,8,20.0,51.1168,8.0,5,50.0,316666.6666666666,0,2.79,829.0,340.0,9.2,8.3,747.7847533632287,199,239
X07,2,8,10.0,32.7168,6.0,4,13.0,145000.0,0,1.83,800.0,330.0,4.6,2.8,753.4936974789916,138,135
X08,2,8,12.0,25.9968,6.0,3,9.0,136666.66666666666,0,2.48,705.0,325.0,7.3,8.4,753.4936974789916,197,211
X09,2,8,12.0,25.9968,6.0,3,9.0,136666.66666666666,0,2.48,705.0,325.0,7.3,8.4,753.4936974789916,197,211
X10,2,8,19.0,51.1168,13.0,5,42.0,316666.6666666666,0,2.8,797.0,345.0,0.0,0.0,760.375,298,281
X11,2,8,14.0,100.1168,12.0,5,33.0,366666.6666666666,23,2.81,771.0,360.0,9.2,0.0,808.0,283,249
X12,2,8,13.0,100.1168,12.0,5,33.0,368333.3333333333,0,2.81,869.0,360.0,7.9,7.8,826.9999999999999,183,204
X13,2,8,15.0,115.1168,12.0,5,33.0,416666.6666666666,31,2.8,836.0,345.0,10.7,0.0,826.9999999999999,200,275
X14,2,8,10.0,71.2768,8.0,4,25.0,270000.0,0,2.48,830.0,330.0,9.4,7.0,765.3424657534247,191,262
X15,2,8,13.0,26.836799999999997,8.0,3,14.0,181666.66666666666,0,2.56,759.0,330.0,2.7,7.8,737.399193548387,285,73
X16,2,8,12.0,145.5168,12.0,5,50.0,333333.3333333333,0,2.8,860.0,350.0,0.0,0.0,803.0,187,325
X17,2,8,10.0,59.1168,14.0,5,57.0,366666.6666666666,0,2.79,876.0,335.0,0.0,0.0,796.5714285714286,231,317
X18,2,8,12.0,16.7168,15.0,5,28.0,266666.6666666666,0,2.78,770.0,325.0,10.3,9.0,749.3721739130435,219,299
X19,2,8,17.0,90.3168,9.0,7,21.0,233333.3333333333,0,2.86,790.0,388.0,0.0,0.0,746.875,360,468
X20,2,8,15.0,29.396799999999995,13.0,4,32.0,233333.3333333333,10,2.78,775.0,325.0,12.3,10.8,769.6616379310345,270,354
X31,2,8,10.0,32.7168,6.0,4,13.0,145000.0,0,1.83,800.0,330.0,4.6,2.8,753.4936974789916,138,135
X32,2,8,15.0,24.9168,7.0,2,3.0,158333.3333333333,30,2.95,755.0,425.0,5.2,6.9,742.9549180327868,188,148
Crazy,2,9,3.0,24.95008,7.0,1,0.0,131666.66666666666,0,1.33,750.0,325.0,0.0,0.0,712.0,21,27
MBC,2,9,55.0,119.91008,7.0,6,2.0,333333.3333333333,0,3.71,710.0,300.0,11.3,14.2,742.6691729323309,414,308
Mioduszewski,2,9,12.0,25.39008,6.0,3,8.0,153333.3333333333,0,3.78,755.0,355.0,6.7,0.0,740.670932358318,197,169
X01,2,9,20.0,29.95008,7.0,3,3.0,161666.66666666666,13,3.92,755.0,450.0,6.9,10.0,740.670932358318,251,175
X02,2,9,12.0,37.63008,7.0,4,10.0,153333.3333333333,73,3.5,780.0,300.0,2.8,0.0,724.0393374741201,215,65
X06,2,9,25.0,55.67008,9.0,6,50.0,323333.3333333333,0,3.73,719.0,332.0,8.3,13.9,726.8841354723706,390,199
X07,2,9,12.0,37.63008,7.0,4,10.0,153333.3333333333,73,3.5,780.0,300.0,2.8,0.0,724.0393374741201,215,65
X08,2,9,12.0,32.598079999999996,6.0,3,8.0,136666.66666666666,0,3.15,740.0,330.0,8.4,7.4,724.0393374741201,201,197
X09,2,9,12.0,32.598079999999996,6.0,3,8.0,136666.66666666666,0,3.15,740.0,330.0,8.4,7.4,724.0393374741201,201,197
X10,2,9,20.0,55.67008,13.0,5,27.0,316666.6666666666,15,3.73,899.0,330.0,0.0,0.0,775.0,196,283
X11,2,9,16.0,93.07007999999999,12.0,5,33.0,386666.6666666666,0,3.76,804.0,360.0,0.0,0.0,709.25,262,295
X12,2,9,14.0,93.07007999999999,12.0,5,33.0,387666.6666666666,8,3.76,900.0,360.0,7.8,0.0,804.5299455535389,195,175
X13,2,9,10.0,114.07007999999999,12.0,5,20.0,416666.6666666666,0,3.75,840.0,345.0,0.0,0.0,813.625,232,212
X14,2,9,5.0,82.76608,8.0,4,25.0,313333.3333333333,23,3.43,830.0,330.0,7.0,8.1,776.0218446601941,223,168
X15,2,9,16.0,32.10208,8.0,3,17.0,195000.0,95,2.56,759.0,330.0,7.8,12.4,742.1173184357543,286,190
X16,2,9,16.0,127.31007999999999,12.0,5,50.0,333333.3333333333,32,3.75,835.0,350.0,0.0,0.0,785.375,254,155
X17,2,9,11.0,75.47008,14.0,5,35.0,366666.6666666666,0,3.75,790.0,335.0,0.0,0.0,788.6666666666666,353,231
X18,2,9,11.0,15.03008,15.0,5,20.0,266666.6666666666,0,3.73,729.0,325.0,9.0,10.9,743.9643410852713,311,219
X19,2,9,10.0,93.19008,9.0,7,8.0,233333.3333333333,0,3.81,790.0,382.0,0.0,0.0,747.5,413,360
X20,2,9,13.0,22.63808,13.0,5,24.0,233333.3333333333,0,3.73,775.0,325.0,10.8,12.6,781.2476370510398,328,274
X31,2,9,12.0,37.63008,7.0,4,10.0,153333.3333333333,73,3.5,780.0,300.0,2.8,0.0,724.0393374741201,215,65
X32,2,9,20.0,29.95008,7.0,3,3.0,161666.66666666666,13,3.92,755.0,450.0,6.9,10.0,740.670932358318,251,175
Historia,3,0,4.0,0.0,12.0,5,30.0,66666.66666666666,0,1.75,899.0,345.0,0.0,0.0,899.0,108,0
Historia,3,1,15.0,25.0,12.0,4,50.0,166666.66666666666,0,1.8,800.0,345.0,0.0,0.0,800.0,215,111
Historia,3,2,15.0,40.0,12.0,4,45.0,166666.66666666666,32,1.55,785.0,350.0,0.0,0.0,785.0,189,183
Historia,3,3,15.0,39.0,12.0,4,42.0,166666.66666666666,9,1.6,785.0,350.0,0.0,0.0,785.0,201,180
Historia,3,4,10.0,43.4,12.0,4,37.0,166666.66666666666,1,1.65,785.0,350.0,0.0,0.0,785.0,186,200
5cars,3,5,20.0,51.04,12.0,5,33.0,173333.3333333333,16,3.58,799.0,330.0,0.0,10.4,782.1428571428571,253,170
AMS,3,5,10.0,51.04,12.0,5,35.0,170000.0,16,1.7,790.0,345.0,0.0,10.4,790.0,206,170
ANA,3,5,10.0,51.04,12.0,5,33.0,166666.66666666666,16,1.7,785.0,350.0,0.0,0.0,804.7142857142857,215,170
BandTInc,3,5,15.0,51.04,15.0,5,38.0,193333.3333333333,16,1.68,780.0,330.0,0.0,0.0,792.8333333333334,240,170
Batmaja,3,5,20.0,51.04,7.0,5,20.0,171333.3333333333,16,3.58,785.0,330.0,0.0,11.0,782.2,271,170
Bekarty,3,5,10.0,51.04,12.0,5,38.0,166666.66666666666,16,1.71,800.0,356.0,0.0,9.4,787.0,202,170
CheckRaise,3,5,15.0,51.04,8.0,5,33.0,193333.3333333333,16,3.61,831.0,360.0,0.0,9.7,795.6666666666666,231,170
DrugiRusekZ1,3,5,12.0,51.04,12.0,5,23.0,204666.66666666666,16,3.65,785.0,350.0,0.0,9.2,788.5714285714286,295,170
DrugiRusekZ2,3,5,10.0,51.04,12.0,5,33.0,166666.66666666666,16,1.74,785.0,385.0,0.0,7.9,823.8571428571429,222,170
DrugiRusekZ3,3,5,10.0,51.04,12.0,5,33.0,166666.66666666666,16,1.7,790.0,350.0,0.0,0.0,835.625,199,170
DrugiRusekZ4,3,5,10.0,51.04,12.0,5,33.0,166666.66666666666,16,1.7,790.0,351.0,0.0,8.6,790.5,226,170
DrugiRusekZ5,3,5,15.0,51.04,12.0,5,43.0,166666.66666666666,16,3.69,820.0,360.0,0.0,11.2,780.0,281,170
DrugiRusekZ6,3,5,10.0,51.04,12.0,5,13.0,166666.66666666666,16,1.7,785.0,350.0,0.0,7.1,798.4285714285714,220,170
FullJoin,3,5,9.0,51.04,12.0,5,38.0,200000.0,16,3.6,785.0,350.0,0.0,11.0,778.6666666666666,261,170
HEATTEAM,3,5,15.0,51.04,11.0,5,33.0,173333.3333333333,16,1.68,820.0,325.0,0.0,0.0,782.2,192,170
Mezzafive,3,5,10.0,51.04,12.0,5,21.0,186666.66666666666,16,3.61,795.0,361.0,0.0,0.0,810.0,287,170
MinisterstwoStrategii,3,5,10.0,51.04,12.0,5,33.0,166666.66666666666,16,1.7,785.0,350.0,0.0,0.0,776.0,206,170
SGGW,3,5,15.0,51.04,12.0,5,28.0,166666.66666666666,16,1.71,785.0,354.0,0.0,9.5,804.7142857142857,223,170
SystemyGB,3,5,14.0,51.04,12.0,5,33.0,176666.66666666666,16,3.61,899.0,357.0,0.0,8.6,800.3333333333334,176,170
Triada,3,5,15.0,51.04,12.0,5,33.0,166666.66666666666,16,1.7,775.0,350.0,0.0,0.0,787.0,236,170
UniversalSolutions,3,5,13.0,51.04,11.0,5,33.0,166666.66666666666,16,1.71,790.0,355.0,0.0,0.0,795.6666666666666,208,170
VinciSquad,3,5,10.0,51.04,12.0,5,33.0,166666.66666666666,16,1.7,785.0,350.0,0.0,0.0,796.1666666666666,212,170
5cars,3,6,20.0,60.623999999999995,12.0,6,23.0,183333.3333333333,11,3.53,795.0,330.0,10.4,0.0,808.4561128526645,219,242
AMS,3,6,10.0,48.623999999999995,12.0,5,37.0,175666.66666666666,2,4.62,804.0,345.0,10.4,12.3,850.4860853432281,250,204
ANA,3,6,14.0,55.623999999999995,13.0,5,28.0,213333.3333333333,45,3.63,896.0,325.0,0.0,8.6,825.5714285714286,172,170
BandTInc,3,6,15.0,55.623999999999995,15.0,6,42.0,233333.3333333333,0,1.73,783.0,330.0,0.0,0.0,794.6666666666666,210,246
Batmaja,3,6,20.0,45.623999999999995,7.0,6,15.0,201000.0,43,3.52,785.0,315.0,11.0,13.7,806.4236641221374,225,228
Bekarty,3,6,15.0,50.623999999999995,12.0,5,42.0,166666.66666666666,0,3.66,800.0,356.0,9.4,9.3,781.0858585858585,215,212
CheckRaise,3,6,21.0,87.624,8.0,6,33.0,253333.3333333333,29,4.51,824.0,360.0,9.7,12.6,787.0796460176992,239,202
DrugiRusekZ1,3,6,12.0,58.623999999999995,12.0,6,12.0,261666.66666666666,84,4.55,815.0,345.0,9.2,13.2,808.1714285714286,246,211
DrugiRusekZ2,3,6,10.0,58.623999999999995,10.0,5,13.0,186666.66666666666,44,4.6,815.0,352.0,7.9,11.1,815.3739279588336,228,178
DrugiRusekZ3,3,6,11.0,55.623999999999995,13.0,5,38.0,166666.66666666666,0,1.75,783.0,350.0,0.0,0.0,833.75,191,209
DrugiRusekZ4,3,6,15.0,55.623999999999995,12.0,5,33.0,166666.66666666666,56,1.75,780.0,351.0,8.6,12.2,772.6600397614316,209,170
DrugiRusekZ5,3,6,15.0,58.623999999999995,12.0,5,45.0,168000.0,61,3.58,820.0,300.0,11.2,0.0,782.0972972972974,222,220
DrugiRusekZ6,3,6,10.0,55.623999999999995,12.0,5,20.0,166666.66666666666,60,1.75,800.0,350.0,7.1,0.0,787.1211604095563,170,160
FullJoin,3,6,8.0,50.623999999999995,11.0,5,37.0,250000.0,33,4.5,803.0,350.0,11.0,0.0,792.227045075125,240,228
HEATTEAM,3,6,5.0,55.623999999999995,11.0,5,33.0,190000.0,0,1.73,780.0,325.0,0.0,9.8,812.2,178,199
Mezzafive,3,6,11.0,40.623999999999995,10.0,5,15.0,216666.66666666666,107,4.51,799.0,360.0,0.0,0.0,819.1666666666666,232,180
MinisterstwoStrategii,3,6,14.0,55.623999999999995,13.0,5,38.0,213333.3333333333,36,3.63,896.0,325.0,0.0,7.5,801.0,152,170
SGGW,3,6,16.0,58.623999999999995,12.0,5,17.0,166666.66666666666,3,1.78,785.0,375.0,9.5,0.0,813.2487644151566,207,220
SystemyGB,3,6,12.0,60.623999999999995,12.0,7,28.0,191666.66666666666,0,3.58,859.0,375.0,8.6,10.5,835.5108877721943,195,182
Triada,3,6,16.0,60.623999999999995,12.0,4,33.0,166666.66666666666,0,3.67,775.0,350.0,0.0,0.0,781.6666666666666,235,247
UniversalSolutions,3,6,13.0,55.623999999999995,11.0,5,36.0,170000.0,0,1.76,800.0,355.0,0.0,0.0,787.0,176,210
VinciSquad,3,6,14.0,55.623999999999995,13.0,5,38.0,213333.3333333333,42,3.61,896.0,310.0,0.0,9.0,863.3333333333334,160,170
5cars,3,7,20.0,71.3744,12.0,6,17.0,183333.3333333333,0,3.48,782.0,330.0,0.0,0.0,808.0,241,229
AMS,3,7,14.0,46.1744,12.0,5,38.0,177333.3333333333,24,4.52,808.0,345.0,12.3,14.0,846.1126279863482,262,226
ANA,3,7,12.0,73.3744,13.0,6,25.0,290000.0,0,3.59,868.0,333.0,8.6,9.2,802.8349206349208,203,186
BandTInc,3,7,18.0,54.374399999999994,15.0,6,42.0,233333.3333333333,0,4.63,785.0,330.0,0.0,11.0,792.6666666666666,331,210
Batmaja,3,7,30.0,52.374399999999994,7.0,6,18.0,235000.0,0,3.51,753.0,360.0,13.7,12.1,760.2535714285714,272,248
Bekarty,3,7,21.0,50.374399999999994,12.0,5,42.0,166666.66666666666,34,4.56,800.0,356.0,9.3,12.5,776.9830246913579,255,181
CheckRaise,3,7,12.0,102.5744,8.0,6,33.0,283333.3333333333,0,4.41,789.0,360.0,12.6,12.7,783.6310679611651,265,243
DrugiRusekZ1,3,7,15.0,60.1744,12.0,5,9.0,253666.66666666666,0,4.45,820.0,345.0,13.2,11.2,813.8700147710487,264,285
DrugiRusekZ2,3,7,10.0,64.17439999999999,10.0,5,0.0,230000.0,0,4.5,815.0,352.0,11.1,10.9,817.0896226415095,230,233
DrugiRusekZ3,3,7,15.0,61.374399999999994,13.0,5,42.0,166666.66666666666,8,3.7,840.0,350.0,0.0,0.0,834.125,238,183
DrugiRusekZ4,3,7,15.0,61.374399999999994,13.0,7,33.0,166666.66666666666,0,1.8,780.0,348.0,12.2,11.0,766.8381112984823,235,242
DrugiRusekZ5,3,7,15.0,64.17439999999999,12.0,5,47.0,170000.0,0,3.53,820.0,300.0,0.0,0.0,779.0,249,246
DrugiRusekZ6,3,7,10.0,58.374399999999994,12.0,5,13.0,166666.66666666666,10,1.8,800.0,350.0,0.0,0.0,790.4285714285714,182,160
FullJoin,3,7,8.0,50.374399999999994,11.0,5,36.0,250000.0,0,4.11,837.0,360.0,0.0,0.0,799.6666666666666,219,243
HEATTEAM,3,7,3.0,68.3744,10.0,6,38.0,203333.3333333333,0,1.48,780.0,325.0,9.8,7.4,760.2535714285714,166,178
Mezzafive,3,7,11.0,35.374399999999994,10.0,5,17.0,216666.66666666666,0,4.41,811.0,360.0,0.0,0.0,831.6666666666666,247,288
MinisterstwoStrategii,3,7,12.0,73.3744,13.0,6,42.0,290000.0,0,3.59,878.0,333.0,7.5,8.0,784.0680473372781,185,163
SGGW,3,7,17.0,59.1744,11.0,5,10.0,166666.66666666666,0,1.83,785.0,376.0,0.0,0.0,803.2857142857143,215,214
SystemyGB,3,7,12.0,61.374399999999994,12.0,7,22.0,191666.66666666666,0,3.51,850.0,354.0,10.5,10.0,813.9314381270904,218,195
Triada,3,7,16.0,66.3744,12.0,4,33.0,166666.66666666666,15,3.32,775.0,350.0,0.0,0.0,778.3333333333334,242,220
UniversalSolutions,3,7,15.0,58.374399999999994,11.0,5,39.0,176333.3333333333,0,1.81,810.0,355.0,0.0,0.0,784.8333333333334,173,179
VinciSquad,3,7,12.0,73.3744,13.0,6,42.0,290000.0,0,3.57,858.0,318.0,9.0,10.4,855.922558922559,218,172
5cars,3,8,15.0,72.82464,12.0,6,12.0,186666.66666666666,15,3.13,790.0,330.0,0.0,0.0,820.1428571428571,247,226
AMS,3,8,24.0,46.70464,13.0,6,37.0,179000.0,0,4.12,850.0,345.0,14.0,12.3,851.3130287648055,254,275
ANA,3,8,22.0,64.02463999999999,12.0,6,20.0,300000.0,0,3.23,870.0,325.0,9.2,8.5,806.8108108108107,200,203
BandTInc,3,8,18.0,55.62464,15.0,6,42.0,233333.3333333333,101,4.53,785.0,330.0,11.0,0.0,792.1114701130856,333,230
Batmaja,3,8,20.0,46.42464,7.0,6,18.0,251000.0,0,3.46,749.0,360.0,12.1,13.0,818.4976152623212,331,272
Bekarty,3,8,21.0,50.224639999999994,12.0,5,42.0,166666.66666666666,0,4.46,800.0,356.0,12.5,11.1,774.7645259938837,270,272
CheckRaise,3,8,15.0,89.54464,8.0,6,33.0,283333.3333333333,0,4.31,788.0,360.0,12.7,10.9,768.676970633694,243,272
DrugiRusekZ1,3,8,10.0,47.10464,12.0,6,10.0,241666.66666666666,5,4.33,860.0,345.0,11.2,10.3,820.6958456973293,235,259
DrugiRusekZ2,3,8,15.0,68.50464,10.0,5,0.0,263333.3333333333,0,4.4,815.0,352.0,10.9,10.9,833.9843993759752,247,238
DrugiRusekZ3,3,8,15.0,61.824639999999995,13.0,5,42.0,166666.66666666666,0,3.35,840.0,350.0,0.0,0.0,837.375,212,241
DrugiRusekZ4,3,8,14.0,64.82463999999999,13.0,5,33.0,160000.0,0,1.55,785.0,348.0,11.0,10.2,765.8451178451177,212,235
DrugiRusekZ5,3,8,12.0,67.50464,12.0,5,30.0,168666.66666666666,0,3.18,819.0,310.0,0.0,0.0,777.8333333333334,239,249
DrugiRusekZ6,3,8,10.0,60.02464,12.0,5,0.0,166666.66666666666,25,1.85,806.0,350.0,0.0,0.0,789.8571428571429,176,157
FullJoin,3,8,8.0,50.224639999999994,14.0,5,40.0,250000.0,0,3.75,837.0,350.0,0.0,10.5,801.3333333333334,227,225
HEATTEAM,3,8,3.0,81.02464,11.0,5,37.0,213000.0,0,1.23,780.0,325.0,7.4,7.4,818.4976152623212,148,166
Mezzafive,3,8,13.0,32.22464,10.0,6,17.0,216666.66666666666,0,4.31,813.0,362.0,0.0,0.0,833.5714285714286,237,247
MinisterstwoStrategii,3,8,7.0,64.02463999999999,13.0,6,37.0,313333.3333333333,0,3.23,858.0,325.0,8.0,9.1,733.174486803519,206,185
SGGW,3,8,17.0,56.504639999999995,11.0,5,8.0,166666.66666666666,0,1.83,785.0,376.0,0.0,0.0,803.2857142857143,215,215
SystemyGB,3,8,12.0,61.82464,12.0,7,20.0,191666.66666666666,1,3.46,819.0,354.0,10.0,10.8,821.3238993710692,227,217
Triada,3,8,10.0,69.82464,11.0,4,23.0,193333.3333333333,27,2.95,775.0,350.0,0.0,10.0,773.8333333333334,216,215
UniversalSolutions,3,8,15.0,61.02464,10.0,5,20.0,178333.3333333333,0,4.72,805.0,366.0,0.0,0.0,771.0,209,173
VinciSquad,3,8,7.0,64.02463999999999,13.0,6,37.0,313333.3333333333,0,3.21,858.0,310.0,10.4,9.1,852.8607382550337,191,218
5cars,3,9,15.0,63.694784,12.0,6,6.0,192333.3333333333,0,3.08,788.0,330.0,0.0,0.0,814.2857142857143,273,253
AMS,3,9,12.0,48.022784,13.0,7,35.0,180000.0,0,3.77,860.0,345.0,12.3,10.0,798.3176470588236,229,254
ANA,3,9,20.0,60.414784,13.0,6,15.0,300000.0,0,3.18,850.0,325.0,8.5,10.1,800.0875576036866,262,200
BandTInc,3,9,18.0,55.374784,15.0,6,27.0,233333.3333333333,0,4.43,785.0,330.0,0.0,0.0,780.3333333333334,399,350
Batmaja,3,9,20.0,32.854783999999995,7.0,6,18.0,275000.0,70,3.41,795.0,360.0,13.0,0.0,792.5609756097562,307,261
Bekarty,3,9,15.0,50.134783999999996,12.0,5,32.0,166666.66666666666,27,4.36,800.0,356.0,11.1,0.0,771.1037151702787,316,243
CheckRaise,3,9,12.0,62.726783999999995,8.0,8,33.0,283333.3333333333,0,4.2,779.0,345.0,10.9,9.5,693.3533619456366,275,243
DrugiRusekZ1,3,9,7.0,36.262783999999996,13.0,6,14.0,248333.3333333333,0,4.23,918.0,345.0,10.3,9.1,831.2869822485208,223,236
DrugiRusekZ2,3,9,30.0,72.10278399999999,10.0,5,0.0,306666.6666666666,9,4.0,815.0,352.0,10.9,0.0,861.2876923076923,358,238
DrugiRusekZ3,3,9,14.0,60.094784,13.0,5,37.0,166666.66666666666,0,3.0,849.0,350.0,0.0,0.0,846.5,233,212
DrugiRusekZ4,3,9,7.0,65.894784,13.0,6,33.0,150000.0,0,1.3,785.0,348.0,10.2,0.0,763.641975308642,233,212
DrugiRusekZ5,3,9,12.0,66.50278399999999,12.0,5,17.0,160000.0,0,2.83,819.0,310.0,0.0,0.0,778.8333333333334,282,239
DrugiRusekZ6,3,9,10.0,61.014784,12.0,5,0.0,166666.66666666666,27,1.85,812.0,350.0,0.0,0.0,789.4285714285714,189,149
FullJoin,3,9,8.0,45.134783999999996,14.0,5,39.0,250000.0,0,3.66,837.0,305.0,10.5,9.8,800.9193037974685,243,227
HEATTEAM,3,9,3.0,88.614784,10.0,7,13.0,220000.0,0,0.98,780.0,325.0,7.4,0.0,792.5609756097562,155,148
Mezzafive,3,9,15.0,30.334783999999996,10.0,6,12.0,216666.66666666666,0,4.22,815.0,365.0,0.0,0.0,800.4285714285714,272,237
MinisterstwoStrategii,3,9,7.0,48.414784,13.0,6,33.0,333333.3333333333,0,3.18,777.0,325.0,9.1,11.3,818.7472353870457,309,206
SGGW,3,9,18.0,54.902784,11.0,5,7.0,173333.3333333333,0,3.78,818.0,375.0,0.0,9.6,806.1428571428571,252,215
SystemyGB,3,9,12.0,47.094784,12.0,7,13.0,191666.66666666666,0,3.38,819.0,330.0,10.8,9.5,817.7347266881029,249,227
Triada,3,9,15.0,56.894783999999994,11.0,5,10.0,233333.3333333333,0,2.87,752.0,315.0,10.0,0.0,771.1037151702787,266,218
UniversalSolutions,3,9,15.0,62.614784,10.0,5,9.0,180333.3333333333,37,4.62,805.0,366.0,0.0,0.0,730.1666666666666,227,172
VinciSquad,3,9,7.0,48.414784,13.0,6,33.0,333333.3333333333,0,3.19,777.0,340.0,9.1,11.8,807.528813559322,295,191
